Brand Name,Generic Name,Has Boxed Warning,Boxed Warning Details
Glimepiride,GLIMEPIRIDE,No,No Boxed Warning
Amlodipine Besylate,AMLODIPINE BESYLATE,No,No Boxed Warning
Verapamil Hydrochloride,VERAPAMIL HYDROCHLORIDE,No,No Boxed Warning
Glipizide,GLIPIZIDE,No,No Boxed Warning
SIMVASTATIN,SIMVASTATIN,No,No Boxed Warning
ZITUVIMET,SITAGLIPTIN AND METFORMIN HYDROCHLORIDE,Yes,"WARNING: LACTIC ACIDOSIS WARNING: LACTIC ACIDOSIS See full prescribing information for complete boxed warning . Postmarketing cases of metformin-associated lactic acidosis have resulted in death, hypothermia, hypotension, and resistant bradyarrhythmias. Symptoms included malaise, myalgias, respiratory distress, somnolence, and abdominal pain. Laboratory abnormalities included elevated blood lactate levels, anion gap acidosis, increased lactate/pyruvate ratio, and metformin plasma levels generally >5 mcg/mL. ( 5.1 ) Risk factors include renal impairment, concomitant use of certain drugs, age ≥65 years old, radiological studies with contrast, surgery and other procedures, hypoxic states, excessive alcohol intake, and hepatic impairment. Steps to reduce the risk of and manage metformin-associated lactic acidosis in these high-risk groups are provided in the Full Prescribing Information. ( 5.1 ) If lactic acidosis is suspected, discontinue ZITUVIMET and institute general supportive measures in a hospital setting. Prompt hemodialysis is recommended. ( 5.1 ) Postmarketing cases of metformin-associated lactic acidosis have resulted in death, hypothermia, hypotension, and resistant bradyarrhythmias. The onset of metformin-associated lactic acidosis is often subtle, accompanied only by nonspecific symptoms such as malaise, myalgias, respiratory distress, somnolence, and abdominal pain. Metformin-associated lactic acidosis was characterized by elevated blood lactate levels (>5 mmol/Liter), anion gap acidosis (without evidence of ketonuria or ketonemia), an increased lactate/pyruvate ratio, and metformin plasma levels generally >5 mcg/mL [see Warnings and Precautions ( 5.1 )] . Risk factors for metformin-associated lactic acidosis include renal impairment, concomitant use of certain drugs (e.g., carbonic anhydrase inhibitors such as topiramate), age 65 years old or greater, having a radiological study with contrast, surgery and other procedures, hypoxic states (e.g., acute congestive heart failure), excessive alcohol intake, and hepatic impairment. Steps to reduce the risk of and manage metformin-associated lactic acidosis in these high risk groups are provided in the full prescribing information [see Dosage and Administration ( 2.2 )>, Contraindications ( 4 ), Warnings and Precautions ( 5.1 ), Drug Interactions ( 7 ), and Use in Specific Populations ( 8.6 , 8.7 )] . If metformin-associated lactic acidosis is suspected, immediately discontinue ZITUVIMET and institute general supportive measures in a hospital setting. Prompt hemodialysis is recommended [see Warnings and Precautions ( 5.1 )] ."
CHOLESTYRAMINE LIGHT,CHOLESTYRAMINE LIGHT,No,No Boxed Warning
Amlodipine Besylate,AMLODIPINE BESYLATE,No,No Boxed Warning
Atorvastatin calcium,ATORVASTATIN CALCIUM,No,No Boxed Warning
Valsartan,VALSARTAN,Yes,"WARNING: FETAL TOXICITY When pregnancy is detected, discontinue valsartan tablets as soon as possible. ( 5.1 ) Drugs that act directly on the renin-angiotensin system can cause injury and death to the developing fetus. ( 5.1 ) WARNING: FETAL TOXICITY See full prescribing information for complete boxed warning. When pregnancy is detected, discontinue valsartan tablets as soon as possible. ( 5.1 ) Drugs that act directly on the renin-angiotensin system can cause injury and death to the developing fetus. ( 5.1 )"
Lisinopril and Hydrochlorothiazide,LISINOPRIL AND HYDROCHLOROTHIAZIDE TABLETS,Yes,"WARNING: FETAL TOXICITY When pregnancy is detected, discontinue lisinopril and hydrochlorothiazide tablets as soon as possible. Drugs that act directly on the renin-angiotensin system can cause injury and death to the developing fetus. See Warnings, Fetal Toxicity ."
Glimepiride,GLIMEPIRIDE,No,No Boxed Warning
Fenofibrate,FENOFIBRATE,No,No Boxed Warning
MEB Gluco-Vitality Patch,MEB GLUCO-VITALITY PATCH,No,No Boxed Warning
Metoprolol Tartrate,METOPROLOL TARTRATE,No,No Boxed Warning
Lisinopril and Hydrochlorothiazide,LISINOPRIL AND HYDROCHLOROTHIAZIDE,Yes,"WARNING: FETAL TOXICITY See full prescribing information for complete boxed warning. When pregnancy is detected, discontinue lisinopril and hydrochlorothiazide as soon as possible. Drugs that act directly on the renin-angiotensin system can cause injury and death to the developing fetus. See WARNINGS: Fetal Toxicity ."
Amlodipine Besylate,AMLODIPINE BESYLATE,No,No Boxed Warning
Glimepiride,GLIMEPIRIDE,No,No Boxed Warning
Metformin Hydrochloride,METFORMIN HYDROCHLORIDE,Yes,"BOXED WARNING WARNING: LACTIC ACIDOSIS Postmarketing cases of metformin-associated lactic acidosis have resulted in death, hypothermia, hypotension, and resistant bradyarrhythmias. The onset of metformin­ associated lactic acidosis is often subtle, accompanied only by nonspecific symptoms such as malaise, myalgias, respiratory distress, somnolence, and abdominal pain. Metformin­ associated lactic acidosis was characterized by elevated blood lactate levels (>5 mmol/Liter), anion gap acidosis (without evidence of ketonuria or ketonemia), an increased lactate/pyruvate ratio; and metformin plasma levels generally >5 mcg/mL [see Warnings and Precautions (5.1) ]. Risk factors for metformin-associated lactic acidosis include renal impairment, concomitant use of certain drugs (e.g. carbonic anhydrase inhibitors such as topiramate), age 65 years old or greater, having a radiological study with contrast, surgery and other procedures, hypoxic states (e.g., acute congestive heart failure), excessive alcohol intake, and hepatic impairment. Steps to reduce the risk of and manage metformin-associated lactic acidosis in these high risk groups are provided [see Dosage and Administration (2.3), (2.7 ) , C ontraindications (4) , Warnings and Precautions (5.1) ]. If metformin-associated lactic acidosis is suspected, immediately discontinue metformin hydrochloride tablets and institute general supportive measures in a hospital setting. Prompt hemodialysis is recommended [ see Warnings and Precautions (5.1 ) ]. WARNING: LACTIC ACIDOSIS See full prescribing information for complete boxed warning. Postmarketing cases of metformin-associated lactic acidosis have resulted in death, hypothermia, hypotension, and resistant bradyarrhythmias. Symptoms included malaise, myalgias, respiratory distress, somnolence, and abdominal pain. Laboratory abnormalities included elevated blood lactate levels, anion gap acidosis, increased lactate/pyruvate ratio; and metformin plasma levels generally >5 mcg/mL. ( 5.1 ) Risk factors include renal impairment, concomitant use of certain drugs, age >65 years old, radiological studies with contrast, surgery and other procedures, hypoxic states, excessive alcohol intake, and hepatic impairment. Steps to reduce the risk of and manage metformin­ associated lactic acidosis in these high risk groups are provided in the Full Prescribing Information. ( 5.1 ) If lactic acidosis is suspected, discontinue metformin hydrochloride tablets and institute general supportive measures in a hospital setting. Prompt hemodialysis is recommended. ( 5.1 )"
COLESEVELAM HYDROCHLORIDE,COLESEVELAM HYDROCHLORIDE,No,No Boxed Warning
atorvastatin calcium,ATORVASTATIN FILM COATED,No,No Boxed Warning
Metformin Hydrochloride,METFORMIN HYDROCHLORIDE,Yes,"WARNING: LACTIC ACIDOSIS Postmarketing cases of metformin-associated lactic acidosis have resulted in death, hypothermia, hypotension, and resistant bradyarrhythmias. The onset of metformin-associated lactic acidosis is often subtle, accompanied only by nonspecific symptoms such as malaise, myalgias, respiratory distress, somnolence, and abdominal pain. Metformin-associated lactic acidosis was characterized by elevated blood lactate levels (>5 mmol/Liter), anion gap acidosis (without evidence of ketonuria or ketonemia), an increased lactate/pyruvate ratio; and metformin plasma levels generally >5 mcg/mL [see Warnings and Precautions (5.1) ]. Risk factors for metformin-associated lactic acidosis include renal impairment, concomitant use of certain drugs (e.g. carbonic anhydrase inhibitors such as topiramate), age 65 years old or greater, having a radiological study with contrast, surgery and other procedures, hypoxic states (e.g., acute congestive heart failure), excessive alcohol intake, and hepatic impairment. Steps to reduce the risk of and manage metformin-associated lactic acidosis in these high risk groups are provided [see Dosage and Administration (2.3) , (2.7), Contraindications (4) , Warnings and Precautions (5.1) ]. If metformin-associated lactic acidosis is suspected, immediately discontinue metformin hydrochloride and institute general supportive measures in a hospital setting. Prompt hemodialysis is recommended [see Warnings and Precautions (5.1) ]. WARNING: LACTIC ACIDOSIS See full prescribing information for complete boxed warning. ● Postmarketing cases of metformin-associated lactic acidosis have resulted in death, hypothermia, hypotension, and resistant bradyarrhythmias. Symptoms included malaise, myalgias, respiratory distress, somnolence, and abdominal pain. Laboratory abnormalities included elevated blood lactate levels, anion gap acidosis, increased lactate/pyruvate ratio; and metformin plasma levels generally >5 mcg/mL. ( 5.1 ) ● Risk factors include renal impairment, concomitant use of certain drugs, age >65 years old, radiological studies with contrast, surgery and other procedures, hypoxic states, excessive alcohol intake, and hepatic impairment. Steps to reduce the risk of and manage metformin-associated lactic acidosis in these high risk groups are provided in the Full Prescribing Information. ( 5.1 ) ● If lactic acidosis is suspected, discontinue metformin hydrochloride and institute general supportive measures in a hospital setting. Prompt hemodialysis is recommended. ( 5.1 )"
Fenofibrate,FENOFIBRATE,No,No Boxed Warning
olmesartan medoxomil-hydrochlorothiazide,OLMESARTAN MEDOXOMIL-HYDROCHLOROTHIAZIDE,Yes,"WARNING: FETAL TOXICITY When pregnancy is detected, discontinue olmesartan medoxomil and hydrochlorothiazide as soon as possible [see Warnings and Precautions (5.1) ] . Drugs that act directly on the renin-angiotensin system can cause injury and death to the developing fetus [see Warnings and Precautions (5.1) ] . WARNING: FETAL TOXICITY See full prescribing information for complete boxed warning. When pregnancy is detected, discontinue olmesartan medoxomil and hydrochlorothiazide as soon as possible ( 5.1 ). Drugs that act directly on the renin-angiotensin system can cause injury and death to the developing fetus ( 5.1 )."
MEB Puri-Mega,MEB PURI-MEGA,No,No Boxed Warning
Metoprolol Succinate,METOPROLOL SUCCINATE ER TABLETS,No,No Boxed Warning
Lisinopril and Hydrochlorothiazide,LISINOPRIL AND HYDROCHLOROTHIAZIDE,Yes,"WARNING: FETAL TOXICITY See full prescribing information for complete boxed warning. When pregnancy is detected, discontinue lisinopril and hydrochlorothiazide as soon as possible. Drugs that act directly on the renin-angiotensin system can cause injury and death to the developing fetus. See WARNINGS: Fetal Toxicity ."
Benazepril Hydrochloride,BENAZEPRIL HYDROCHLORIDE,Yes,"WARNING: FETAL TOXICITY When pregnancy is detected, discontinue benazepril hydrochloride tablets as soon as possible. ( 5.1 ) Drugs that act directly on the renin-angiotensin system can cause injury and death to the developing fetus [see Warnings and Precautions ( 5.1 )]. WARNING-FETAL TOXICITY See full prescribing information for complete boxed warning. When pregnancy is detected, discontinue benazepril hydrochloride tablets as soon as possible. ( 5.1 ) Drugs that act directly on the renin-angiotensin system can cause injury and death to the developing fetus. ( 5.1 )"
Atorvastatin calcium,ATORVASTATIN CALCIUM,No,No Boxed Warning
FARXIGA,DAPAGLIFLOZIN,No,No Boxed Warning
Lisinopril,LISINOPRIL,Yes,"WARNING: FETAL TOXICITY See full prescribing information for complete boxed warning. When pregnancy is detected, discontinue lisinopril as soon as possible. ( 5.1 ) Drugs that act directly on the renin-angiotensin system can cause injury and death to the developing fetus. ( 5.1 ) WARNING: FETAL TOXICITY When pregnancy is detected, discontinue lisinopril as soon as possible [see WARNINGS AND PRECAUTIONS ( 5.1 )] . Drugs that act directly on the renin-angiotensin system can cause injury and death to the developing fetus [see WARNINGS AND PRECAUTIONS ( 5.1 )] ."
Losartan Potassium,LOSARTAN POTASSIUM,Yes,"WARNING: FETAL TOXICITY When pregnancy is detected, discontinue losartan potassium as soon as possible. Drugs that act directly on the renin-angiotensin system can cause injury and death to the developing fetus [see Warnings and Precautions (5.1) ]. WARNING: FETAL TOXICITY See full prescribing information for complete boxed warning. When pregnancy is detected, discontinue losartan potassium as soon as possible. Drugs that act directly on the renin-angiotensin system can cause injury and death to the developing fetus. (5.1)"
Simvastatin,SIMVASTATIN,No,No Boxed Warning
Metformin Hydrochloride,METFORMIN HYDROCHLORIDE,Yes,"WARNING: LACTIC ACIDOSIS Postmarketing cases of metformin-associated lactic acidosis have resulted in death, hypothermia, hypotension, and resistant bradyarrhythmias. The onset of metformin-associated lactic acidosis is often subtle, accompanied only by nonspecific symptoms such as malaise, myalgias, respiratory distress, somnolence, and abdominal pain. Metformin-associated lactic acidosis was characterized by elevated blood lactate levels (> 5 mmol/Liter), anion gap acidosis (without evidence of ketonuria or ketonemia), an increased lactate/pyruvate ratio; and metformin plasma levels generally > 5 mcg/mL [see Warnings and Precautions (5.1) ] . Risk factors for metformin-associated lactic acidosis include renal impairment, concomitant use of certain drugs (e.g., carbonic anhydrase inhibitors such as topiramate), age 65 years old or greater, having a radiological study with contrast, surgery and other procedures, hypoxic states (e.g., acute congestive heart failure), excessive alcohol intake, and hepatic impairment. Steps to reduce the risk of and manage metformin-associated lactic acidosis in these high risk groups are provided [see Dosage and Administration (2.3) , Contraindications (4) , Warnings and Precautions (5.1) ] . If metformin-associated lactic acidosis is suspected, immediately discontinue metformin hydrochloride tablets and institute general supportive measures in a hospital setting. Prompt hemodialysis is recommended [see Warnings and Precautions (5.1) ] . WARNING: LACTIC ACIDOSIS See full prescribing information for complete boxed warning. Postmarketing cases of metformin-associated lactic acidosis have resulted in death, hypothermia, hypotension, and resistant bradyarrhythmias. Symptoms included malaise, myalgias, respiratory distress, somnolence, and abdominal pain. Laboratory abnormalities included elevated blood lactate levels, anion gap acidosis, increased lactate/pyruvate ratio; and metformin plasma levels generally > 5 mcg/mL. ( 5.1 ) Risk factors include renal impairment, concomitant use of certain drugs, age > 65 years old, radiological studies with contrast, surgery and other procedures, hypoxic states, excessive alcohol intake, and hepatic impairment. Steps to reduce the risk of and manage metformin-associated lactic acidosis in these high risk groups are provided in the Full Prescribing Information. ( 5.1 ) If lactic acidosis is suspected, discontinue metformin hydrochloride tablets and institute general supportive measures in a hospital setting. Prompt hemodialysis is recommended. ( 5.1 )"
Lovastatin,LOVASTATIN,No,No Boxed Warning
Metoprolol Succinate,METOPROLOL SUCCINATE,No,No Boxed Warning
Lopressor,METOPROLOL TARTRATE,No,No Boxed Warning
Glipizide,GLIPIZIDE,No,No Boxed Warning
Metoprolol Tartrate,METOPROLOL TARTRATE,No,No Boxed Warning
Irbesartan,IRBESARTAN,Yes,"WARNING: FETAL TOXICITY When pregnancy is detected, discontinue irbesartan tablets as soon as possible [see Warnings and Precautions ( 5.1 ) and Use in Specific Populations ( 8.1 )]. Drugs that act directly on the renin-angiotensin system can cause injury and death to the developing fetus [see Warnings and Precautions ( 5.1 ) and Use in Specific Populations ( 8.1 ) ]. WARNING: FETAL TOXICITY See full prescribing information for complete boxed warning. When pregnancy is detected, discontinue irbesartan tablets as soon as possible. ( 5.1 , 8.1 ) Drugs that act directly on the renin-angiotensin system can cause injury and death to the developing fetus. ( 5.1 , 8.1 )"
Lovastatin,LOVASTATIN,No,No Boxed Warning
Phentermine Hydrochloride,PHENTERMINE HYDROCHLORIDE,No,No Boxed Warning
LISINOPRIL,LISINOPRIL,Yes,"WARNING: FETAL TOXICITY • When pregnancy is detected, discontinue lisinopril as soon as possible [see Warnings and Precautions (5.1) ]. • Drugs that act directly on the renin-angiotensin system can cause injury and death to the developing fetus [see Warnings and Precautions (5.1) ]. WARNING: FETAL TOXICITY See full prescribing information for complete boxed warning. • When pregnancy is detected, discontinue lisinopril as soon as possible. (5.1) • Drugs that act directly on the renin-angiotensin system can cause injury and death to the developing fetus. (5.1)"
Lisinopril and Hydrochlorothiazide,LISINOPRIL AND HYDROCHLOROTHIAZIDE TABLETS,Yes,"WARNING: FETAL TOXICITY See full prescribing information for complete boxed warning. When pregnancy is detected, discontinue lisinopril and hydrochlorothiazide tablets as soon as possible. Drugs that act directly on the renin-angiotensin system can cause injury and death to the developing fetus. See Warnings: Fetal Toxicity ."
Amlodipine and Olmesartan Medoxomil,AMLODIPINE AND OLMESARTAN MEDOXOMIL,Yes,"WARNING: FETAL TOXICITY When pregnancy is detected, discontinue amlodipine and olmesartan medoxomil tablets as soon as possible ( 5.1 , 8.1 ). Drugs that act directly on the renin-angiotensin system (RAS) can cause injury and death to the developing fetus ( 5.1 , 8.1 ). WARNING: FETAL TOXICITY See full prescribing information for complete boxed warning. When pregnancy is detected, discontinue amlodipine and olmesartan medoxomil tablets as soon as possible ( 5.1 , 8.1 ). Drugs that act directly on the renin-angiotensin system can cause injury and death to the developing fetus ( 5.1 , 8.1 )."
Lovastatin,LOVASTATIN,No,No Boxed Warning
Glipizide,GLIPIZIDE,No,No Boxed Warning
Benazepril Hydrochloride,BENAZEPRIL HYDROCHLORIDE,Yes,"WARNING: FETAL TOXICITY When pregnancy is detected, discontinue benazepril hydrochloride tablets as soon as possible. Drugs that act directly on the renin-angiotensin system can cause injury and death to the developing fetus [see Warnings and Precautions ( 5.1 )]. WARNING-FETAL TOXICITY See full prescribing information for complete boxed warning. When pregnancy is detected, discontinue benazepril hydrochloride tablets as soon as possible. ( 5.1 ) Drugs that act directly on the renin-angiotensin system can cause injury and death to the developing fetus. ( 5.1 )"
PIOGLITAZONE HYDROCHLORIDE,PIOGLITAZONE HYDROCHLORIDE,Yes,"WARNING: CONGESTIVE HEART FAILURE Thiazolidinediones, including pioglitazone , cause or exacerbate congestive heart failure in some patients [see Warnings and Precautions (5.1) ] . After initiation of pioglitazone , and after dose increases, monitor patients carefully for signs and symptoms of heart failure (e.g., excessive, rapid weight gain, dyspnea, and/or edema). If heart failure develops, it should be managed according to current standards of care and discontinuation or dose reduction of pioglitazone must be considered. Pioglitazone is not recommended in patients with symptomatic heart failure. Initiation of pioglitazone in patients with established New York Heart Association (NYHA) Class III or IV heart failure is contraindicated [see Contraindications (4) and Warnings and Precautions (5.1) ] . WARNING: CONGESTIVE HEART FAILURE See full prescribing information for complete boxed warning. Thiazolidinediones, including pioglitazone, cause or exacerbate congestive heart failure in some patients. (5.1) After initiation of pioglitazone, and after dose increases, monitor patients carefully for signs and symptoms of heart failure (e.g., excessive, rapid weight gain, dyspnea, and/or edema). If heart failure develops, it should be managed according to current standards of care and discontinuation or dose reduction of pioglitazone must be considered. (5.1) Pioglitazone is not recommended in patients with symptomatic heart failure. (5.1) Initiation of pioglitazone in patients with established New York Heart Association (NYHA) Class III or IV heart failure is contraindicated. (4 , 5.1)"
Glipizide,GLIPIZIDE,No,No Boxed Warning
Omega-3-acid ethyl esters,OMEGA-3-ACID ETHYL ESTERS,No,No Boxed Warning
Olmesartan Medoxomil and Hydrochlorothiazide,OLMESARTAN MEDOXOMIL AND HYDROCHLOROTHIAZIDE,Yes,"WARNING: FETAL TOXICITY When pregnancy is detected, discontinue olmesartan medoxomil and hydrochlorothiazide as soon as possible [see Warnings and Precautions (5.1) ]. Drugs that act directly on the renin-angiotensin system can cause injury and death to the developing fetus [see Warnings and Precautions (5.1) ]. WARNING: FETAL TOXICITY See full prescribing information for complete boxed warning. When pregnancy is detected, discontinue olmesartan medoxomil and hydrochlorothiazide as soon as possible ( 5.1 ). Drugs that act directly on the renin-angiotensin system can cause injury and death to the developing fetus ( 5.1 )."
Simvastatin,SIMVASTATIN,No,No Boxed Warning
MEB Puri-vega,MEB PURI-VEGA,No,No Boxed Warning
Lovastatin,LOVASTATIN,No,No Boxed Warning
Phentermine Hydrochloride,PHENTERMINE HYDROCHLORIDE,No,No Boxed Warning
LISINOPRIL,LISINOPRIL,Yes,"WARNING: FETAL TOXICITY When pregnancy is detected, discontinue lisinopril as soon as possible [see Warnings and Precautions (5.1) ]. Drugs that act directly on the renin-angiotensin system can cause injury and death to the developing fetus [see Warnings and Precautions (5.1) ]. WARNING: FETAL TOXICITY See full prescribing information for complete boxed warning. When pregnancy is detected, discontinue lisinopril as soon as possible. (5.1) Drugs that act directly on the renin-angiotensin system can cause injury and death to the developing fetus. (5.1)"
Valsartan,VALSARTAN,Yes,"WARNING: FETAL TOXICITY When pregnancy is detected, discontinue valsartan as soon as possible. ( 5.1 ) Drugs that act directly on the renin-angiotensin system can cause injury and death to the developing fetus. ( 5.1 ) WARNING: FETAL TOXICITY See full prescribing information for complete boxed warning. When pregnancy is detected, discontinue valsartan as soon as possible. ( 5.1 ) Drugs that act directly on the renin-angiotensin system can cause injury and death to the developing fetus. ( 5.1 )"
Isoniazid,ISONIAZID,Yes,"WARNING Severe and sometimes fatal hepatitis associated with isoniazid therapy has been reported and may occur or may develop even after many months of treatment. The risk of developing hepatitis is age related. Approximate case rates by age are: less than 1 per 1,000 for persons under 20 years of age, 3 per 1,000 for persons in the 20 to 34 year age group, 12 per 1,000 for persons in the 35 to 49 year age group, 23 per 1,000 for persons in the 50 to 64 year age group and 8 per 1,000 for persons over 65 years of age. The risk of hepatitis is increased with daily consumption of alcohol. Precise data to provide a fatality rate for isoniazid-related hepatitis is not available; however, in a U.S. Public Health Service Surveillance Study of 13,838 persons taking isoniazid, there were 8 deaths among 174 cases of hepatitis. Therefore, patients given isoniazid should be carefully monitored and interviewed at monthly intervals. For persons 35 and older, in addition to monthly symptom reviews, hepatic enzymes (specifically, AST and ALT [formerly SGOT and SGPT, respectively]) should be measured prior to starting isoniazid therapy and periodically throughout treatment. Isoniazid-associated hepatitis usually occurs during the first three months of treatment. Usually, enzyme levels return to normal despite continuance of drug, but in some cases progressive liver dysfunction occurs. Other factors associated with an increased risk of hepatitis include daily use of alcohol, chronic liver disease and injection drug use. A recent report suggests an increased risk of fatal hepatitis associated with isoniazid among women, particularly black and Hispanic women. The risk may also be increased during the post partum period. More careful monitoring should be considered in these groups, possibly including more frequent laboratory monitoring. If abnormalities of liver function exceed three to five times the upper limit of normal, discontinuation of isoniazid should be strongly considered. Liver function tests are not a substitute for a clinical evaluation at monthly intervals or for the prompt assessment of signs or symptoms of adverse reactions occurring between regularly scheduled evaluations. Patients should be instructed to immediately report signs or symptoms consistent with liver damage or other adverse effects. These include any of the following: unexplained anorexia, nausea, vomiting, dark urine, icterus, rash, persistent paresthesias of the hands and feet, persistent fatigue, weakness or fever of greater than 3 days duration and/or abdominal tenderness, especially right upper quadrant discomfort. If these symptoms appear or if signs suggestive of hepatic damage are detected, isoniazid should be discontinued promptly, since continued use of the drug in these cases has been reported to cause a more severe form of liver damage. Patients with tuberculosis who have hepatitis attributed to isoniazid should be given appropriate treatment with alternative drugs. If isoniazid must be reinstituted, it should be reinstituted only after symptoms and laboratory abnormalities have cleared. The drug should be restarted in very small and gradually increasing doses and should be withdrawn immediately if there is any indication of recurrent liver involvement. Preventive treatment should be deferred in persons with acute hepatic diseases."
Losartan Potassium and Hydrochlorothiazide,LOSARTAN POTASSIUM AND HYDROCHLOROTHIAZIDE,Yes,"WARNING: FETAL TOXICITY When pregnancy is detected, discontinue losartan potassium and hydrochlorothiazide tablets as soon as possible. Drugs that act directly on the renin-angiotensin system can cause injury and death to the developing fetus [see Warnings and Precautions ( 5.1 )]. WARNING: FETAL TOXICITY See full prescribing information for complete boxed warning. When pregnancy is detected, discontinue losartan potassium and hydrochlorothiazide tablets as soon as possible. Drugs that act directly on the renin-angiotensin system can cause injury and death to the developing fetus. ( 5.1 )"
Colestipol Hydrochloride,COLESTIPOL HYDROCHLORIDE,No,No Boxed Warning
Glipizide and Metformin Hydrochloride,GLIPIZIDE AND METFORMIN HYDROCHLORIDE,Yes,"WARNING: LACTIC ACIDOSIS Postmarketing cases of metformin-associated lactic acidosis have resulted in death, hypothermia, hypotension, and resistant bradyarrhythmias. The onset of metformin-associated lactic acidosis is often subtle, accompanied only by nonspecific symptoms such as malaise, myalgias, respiratory distress, somnolence, and abdominal pain. Metformin-associated lactic acidosis was characterized by elevated blood lactate levels (> 5 mmol/Liter), anion gap acidosis (without evidence of ketonuria or ketonemia), an increased lactate/pyruvate ratio; and metformin plasma levels generally > 5 mcg/mL [see PRECAUTIONS]. Risk factors for metformin-associated lactic acidosis include renal impairment, concomitant use of certain drugs (e.g., carbonic anhydrase inhibitors such as topiramate), age 65 years old or greater, having a radiological study with contrast, surgery and other procedures, hypoxic states (e.g., acute congestive heart failure), excessive alcohol intake, and hepatic impairment. Steps to reduce the risk of and manage metformin-associated lactic acidosis in these high risk groups are provided [see PRECAUTIONS]. If metformin-associated lactic acidosis is suspected, immediately discontinue glipizide and metformin hydrochloride tablets and institute general supportive measures in a hospital setting. Prompt hemodialysis is recommended [see PRECAUTIONS]."
Torsemide,TORSEMIDE,No,No Boxed Warning
Lisinopril,LISINOPRIL,Yes,"WARNING: FETAL TOXICITY See full prescribing information for complete boxed warning. When pregnancy is detected, discontinue lisinopril as soon as possible. ( 5.1 ) Drugs that act directly on the renin-angiotensin system can cause injury and death to the developing fetus. ( 5.1 ) WARNING: FETAL TOXICITY When pregnancy is detected, discontinue lisinopril as soon as possible [see WARNINGS AND PRECAUTIONS ( 5.1 )] . Drugs that act directly on the renin-angiotensin system can cause injury and death to the developing fetus [see WARNINGS AND PRECAUTIONS ( 5.1 )] ."
AMLODIPINE BESYLATE,AMLODIPINE BESYLATE,No,No Boxed Warning
OLMESARTAN MEDOXOMIL and HYDROCHLOROTHIAZIDE,OLMESARTAN MEDOXOMIL AND HYDROCHLOROTHIAZIDE,Yes,"WARNING: FETAL TOXICITY • When pregnancy is detected, discontinue olmesartan medoxomil and hydrochlorothiazide tablets as soon as possible [see Warnings and Precautions ( 5.1 ) Use in Specific Populations ( 8.1 )]. • Drugs that act directly on the renin-angiotensin system (RAS) can cause injury and death to the developing fetus [see Warnings and Precautions ( 5.1 ) Use in Specific Populations ( 8.1 )]. See full prescribing information for complete boxed warning. • When pregnancy is detected, discontinue olmesartan medoxomil and hydrochlorothiazide tablets as soon as possible ( 5.1 , 8.1 ). • Drugs that act directly on the renin-angiotensin system can cause injury and death to the developing fetus ( 5.1 , 8.1 )."
Metformin Hydrochloride,METFORMIN HYDROCHLORIDE,Yes,"BOXED WARNING WARNING: LACTIC ACIDOSIS Postmarketing cases of metformin-associated lactic acidosis have resulted in death, hypothermia, hypotension, and resistant bradyarrhythmias. The onset of metformin­ associated lactic acidosis is often subtle, accompanied only by nonspecific symptoms such as malaise, myalgias, respiratory distress, somnolence, and abdominal pain. Metformin­ associated lactic acidosis was characterized by elevated blood lactate levels (>5 mmol/Liter), anion gap acidosis (without evidence of ketonuria or ketonemia), an increased lactate/pyruvate ratio; and metformin plasma levels generally >5 mcg/mL [see Warnings and Precautions (5.1) ]. Risk factors for metformin-associated lactic acidosis include renal impairment, concomitant use of certain drugs (e.g. carbonic anhydrase inhibitors such as topiramate), age 65 years old or greater, having a radiological study with contrast, surgery and other procedures, hypoxic states (e.g., acute congestive heart failure), excessive alcohol intake, and hepatic impairment. Steps to reduce the risk of and manage metformin-associated lactic acidosis in these high risk groups are provided [see Dosage and Administration (2.3), (2.7 ) , C ontraindications (4) , Warnings and Precautions (5.1) ]. If metformin-associated lactic acidosis is suspected, immediately discontinue metformin hydrochloride tablets and institute general supportive measures in a hospital setting. Prompt hemodialysis is recommended [ see Warnings and Precautions (5.1 ) ]. WARNING: LACTIC ACIDOSIS See full prescribing information for complete boxed warning. Postmarketing cases of metformin-associated lactic acidosis have resulted in death, hypothermia, hypotension, and resistant bradyarrhythmias. Symptoms included malaise, myalgias, respiratory distress, somnolence, and abdominal pain. Laboratory abnormalities included elevated blood lactate levels, anion gap acidosis, increased lactate/pyruvate ratio; and metformin plasma levels generally >5 mcg/mL. ( 5.1 ) Risk factors include renal impairment, concomitant use of certain drugs, age >65 years old, radiological studies with contrast, surgery and other procedures, hypoxic states, excessive alcohol intake, and hepatic impairment. Steps to reduce the risk of and manage metformin­ associated lactic acidosis in these high risk groups are provided in the Full Prescribing Information. ( 5.1 ) If lactic acidosis is suspected, discontinue metformin hydrochloride tablets and institute general supportive measures in a hospital setting. Prompt hemodialysis is recommended. ( 5.1 )"
Amlodipine and Atorvastatin,AMLODIPINE AND ATORVASTATIN,No,No Boxed Warning
Metformin Hydrochloride,METFORMIN HYDROCHLORIDE,Yes,"WARNING: LACTIC ACIDOSIS Postmarketing cases of metformin-associated lactic acidosis have resulted in death, hypothermia, hypotension, and resistant bradyarrhythmias. The onset of metformin-associated lactic acidosis is often subtle, accompanied only by nonspecific symptoms such as malaise, myalgias, respiratory distress, somnolence, and abdominal pain. Metformin-associated lactic acidosis was characterized by elevated blood lactate levels (>5 mmol/Liter), anion gap acidosis (without evidence of ketonuria or ketonemia), an increased lactate/pyruvate ratio; and metformin plasma levels generally >5 mcg/mL [ see Warnings and Precautions (5.1) ]. Risk factors for metformin-associated lactic acidosis include renal impairment, concomitant use of certain drugs (e.g. carbonic anhydrase inhibitors such as topiramate), age 65 years old or greater, having a radiological study with contrast, surgery and other procedures, hypoxic states (e.g., acute congestive heart failure), excessive alcohol intake, and hepatic impairment. Steps to reduce the risk of and manage metformin-associated lactic acidosis in these high risk groups are provided [ see Dosage and Administration (2.3) , Contraindications (4) , Warnings and Precautions (5.1) ] . If metformin-associated lactic acidosis is suspected, immediately discontinue metformin hydrochloride and institute general supportive measures in a hospital setting. Prompt hemodialysis is recommended [ see Warnings and Precautions (5.1) ]. WARNING: LACTIC ACIDOSIS See full prescribing information for complete boxed warning. Postmarketing cases of metformin-associated lactic acidosis have resulted in death, hypothermia, hypotension, and resistant bradyarrhythmias. Symptoms included malaise, myalgias, respiratory distress, somnolence, and abdominal pain. Laboratory abnormalities included elevated blood lactate levels, anion gap acidosis, increased lactate/pyruvate ratio; and metformin plasma levels generally >5 mcg/mL. (5.1) Risk factors include renal impairment, concomitant use of certain drugs, age >65 years old, radiological studies with contrast, surgery and other procedures, hypoxic states, excessive alcohol intake, and hepatic impairment. Steps to reduce the risk of and manage metformin-associated lactic acidosis in these high risk groups are provided in the Full Prescribing Information. (5.1) If lactic acidosis is suspected, discontinue metformin hydrochloride and institute general supportive measures in a hospital setting. Prompt hemodialysis is recommended. (5.1)"
Liraglutide,LIRAGLUTIDE,Yes,"WARNING: RISK OF THYROID C-CELL TUMORS WARNING: RISK OF THYROID C-CELL TUMORS Liraglutide causes dose-dependent and treatment-duration-dependent thyroid C-cell tumors at clinically relevant exposures in both genders of rats and mice. It is unknown whether liraglutide injection causes thyroid C-cell tumors, including medullary thyroid carcinoma (MTC), in humans, as the human relevance of liraglutide-induced rodent thyroid C-cell tumors has not been determined [ see Warnings and Precautions ( 5.1 ), Nonclinical Toxicology ( 13.1 ) ]. Liraglutide injection is contraindicated in patients with a personal or family history of MTC and in patients with Multiple Endocrine Neoplasia syndrome type 2 (MEN 2). Counsel patients regarding the potential risk for MTC with the use of liraglutide injection and inform them of symptoms of thyroid tumors (e.g., a mass in the neck, dysphagia, dyspnea, persistent hoarseness). Routine monitoring of serum calcitonin or using thyroid ultrasound is of uncertain value for early detection of MTC in patients treated with liraglutide injection [ see Contraindications ( 4 ), Warnings and Precautions ( 5.1 ) ]. WARNING: RISK OF THYROID C-CELL TUMORS See full prescribing information for complete boxed warning. • Liraglutide causes thyroid C-cell tumors at clinically relevant exposures in both genders of rats and mice. It is unknown whether liraglutide injection causes thyroid C-cell tumors, including medullary thyroid carcinoma (MTC), in humans, as the human relevance of liraglutide-induced rodent thyroid C-cell tumors has not been determined ( 5.1 , 13.1 ) . • Liraglutide injection is contraindicated in patients with a personal or family history of MTC or in patients with Multiple Endocrine Neoplasia syndrome type 2 (MEN 2). Counsel patients regarding the potential risk of MTC and the symptoms of thyroid tumors ( 4 , 5.1 )."
PIOGLITAZONE HYDROCHLORIDE,PIOGLITAZONE HYDROCHLORIDE,Yes,"WARNING: CONGESTIVE HEART FAILURE Thiazolidinediones, including pioglitazone , cause or exacerbate congestive heart failure in some patients [see Warnings and Precautions (5.1) ] . After initiation of pioglitazone , and after dose increases, monitor patients carefully for signs and symptoms of heart failure (e.g., excessive, rapid weight gain, dyspnea, and/or edema). If heart failure develops, it should be managed according to current standards of care and discontinuation or dose reduction of pioglitazone must be considered. Pioglitazone is not recommended in patients with symptomatic heart failure. Initiation of pioglitazone in patients with established New York Heart Association (NYHA) Class III or IV heart failure is contraindicated [see Contraindications (4) and Warnings and Precautions (5.1) ] . WARNING: CONGESTIVE HEART FAILURE See full prescribing information for complete boxed warning. Thiazolidinediones, including pioglitazone, cause or exacerbate congestive heart failure in some patients. (5.1) After initiation of pioglitazone, and after dose increases, monitor patients carefully for signs and symptoms of heart failure (e.g., excessive, rapid weight gain, dyspnea, and/or edema). If heart failure develops, it should be managed according to current standards of care and discontinuation or dose reduction of pioglitazone must be considered. (5.1) Pioglitazone is not recommended in patients with symptomatic heart failure. (5.1) Initiation of pioglitazone in patients with established New York Heart Association (NYHA) Class III or IV heart failure is contraindicated. (4 , 5.1)"
Nebivolol,NEBIVOLOL,No,No Boxed Warning
Valsartan,VALSARTAN,Yes,"WARNING: FETAL TOXICITY WARNING: FETAL TOXICITY • When pregnancy is detected, discontinue valsartan tablets as soon as possible. (5.1) • Drugs that act directly on the renin-angiotensin system can cause injury and death to the developing fetus. (5.1) WARNING: FETAL TOXICITY See full prescribing information for complete boxed warning. • When pregnancy is detected, discontinue valsartan tablets as soon as possible. ( 5.1 ) • Drugs that act directly on the renin-angiotensin system can cause injury and death to the developing fetus. ( 5.1 )"
Valsartan,VALSARTAN,Yes,"WARNING: FETAL TOXICITY When pregnancy is detected, discontinue valsartan tablets as soon as possible. ( 5.1 ) Drugs that act directly on the renin-angiotensin system can cause injury and death to the developing fetus. ( 5.1 ) WARNING: FETAL TOXICITY See full prescribing information for complete boxed warning . When pregnancy is detected, discontinue valsartan tablets as soon as possible. ( 5.1 ) Drugs that act directly on the renin-angiotensin system can cause injury and death to the developing fetus. ( 5.1 )"
"Losartan potassium Tablets, 100 mg",LOSARTAN POTASSIUM,Yes,"WARNING: FETAL TOXICITY When pregnancy is detected, discontinue Losartan potassium as soon as possible. Drugs that act directly on the renin-angiotensin system can cause injury and death to the developing fetus [see Warnings and Precautions (5.1) ]. WARNING: FETAL TOXICITY See full prescribing information for complete boxed warning. When pregnancy is detected, discontinue Losartan potassium as soon as possible. Drugs that act directly on the renin-angiotensin system can cause injury and death to the developing fetus. ( 5.1 )"
Olmesartan Medoxomil,OLMESARTAN MEDOXOMIL,Yes,"WARNING: FETAL TOXICITY When pregnancy is detected, discontinue olmesartan medoxomil tablets as soon as possible ( 5.1 , 8.1 ) Drugs that act directly on the renin-angiotensin system can cause injury and death to the developing fetus ( 5.1 , 8.1 ) WARNING: FETAL TOXICITY See full prescribing information for complete boxed warning. When pregnancy is detected, discontinue olmesartan medoxomil tablets as soon as possible ( 5.1 , 8.1 ). Drugs that act directly on the renin-angiotensin system can cause injury and death to the developing fetus ( 5.1 , 8.1 )."
Lisinopril,LISINOPRIL,Yes,"WARNING: FETAL TOXICITY See full prescribing information for complete boxed warning. When pregnancy is detected, discontinue lisinopril as soon as possible. ( 5.1 ) Drugs that act directly on the renin-angiotensin system can cause injury and death to the developing fetus. ( 5.1 ) WARNING: FETAL TOXICITY When pregnancy is detected, discontinue lisinopril as soon as possible [see WARNINGS AND PRECAUTIONS ( 5.1 )] . Drugs that act directly on the renin-angiotensin system can cause injury and death to the developing fetus [see WARNINGS AND PRECAUTIONS ( 5.1 )] ."
GLYBURIDE,GLYBURIDE,No,No Boxed Warning
Ramipril,RAMIPRIL,Yes,"WARNING: FETAL TOXICITY WARNING: FETAL TOXICITY See full prescribing information for complete boxed warning When pregnancy is detected, discontinue ramipril as soon as possible ( 5.6 ). Drugs that act directly on the renin-angiotensin system can cause injury and death to the developing fetus ( 5.6 ). When pregnancy is detected, discontinue ramipril as soon as possible ( 5.6 ). Drugs that act directly on the renin-angiotensin system can cause injury and death to the developing fetus ( 5.6 )."
Metformin Hydrochloride,METFORMIN HYDROCHLORIDE,Yes,"WARNING: LACTIC ACIDOSIS Postmarketing cases of metformin-associated lactic acidosis have resulted in death, hypothermia, hypotension, and resistant bradyarrhythmias. The onset of metformin- associated lactic acidosis is often subtle, accompanied only by nonspecific symptoms such as malaise, myalgias, respiratory distress, somnolence, and abdominal pain. Metformin- associated lactic acidosis was characterized by elevated blood lactate levels (>5 mmol/Liter), anion gap acidosis (without evidence of ketonuria or ketonemia), an increased lactate/pyruvate ratio; and metformin plasma levels generally >5 mcg/mL [see Warnings and Precautions ( 5.1 ) ]. Risk factors for metformin-associated lactic acidosis include renal impairment, concomitant use of certain drugs (e.g. carbonic anhydrase inhibitors such as topiramate), age 65 years old or greater, having a radiological study with contrast, surgery and other procedures, hypoxic states (e.g., acute congestive heart failure), excessive alcohol intake, and hepatic impairment. Steps to reduce the risk of and manage metformin-associated lactic acidosis in these high risk groups are provided [see Dosage and Administration ( 2.3 ), (2.7), Contraindications (4), Warnings and Precautions ( 5.1 ) ]. If metformin-associated lactic acidosis is suspected, immediately discontinue metformin hydrochloride tablets or metformin hydrochloride extended-release tablets and institute general supportive measures in a hospital setting. Prompt hemodialysis is recommended [see Warnings and Precautions ( 5.1 ) ]. WARNING: LACTIC ACIDOSIS See full prescribing information for complete boxed warning. • Postmarketing cases of metformin-associated lactic acidosis have resulted in death, hypothermia, hypotension, and resistant bradyarrhythmias. Symptoms included malaise, myalgias, respiratory distress, somnolence, and abdominal pain. Laboratory abnormalities included elevated blood lactate levels, anion gap acidosis, increased lactate/pyruvate ratio; and metformin plasma levels generally >5 mcg/mL. ( 5.1 ) • Risk factors include renal impairment, concomitant use of certain drugs, age >65 years old, radiological studies with contrast, surgery and other procedures, hypoxic states, excessive alcohol intake, and hepatic impairment. Steps to reduce the risk of and manage metformin-associated lactic acidosis in these high risk groups are provided in the Full Prescribing Information. ( 5.1 ) • If lactic acidosis is suspected, discontinue metformin hydrochloride tablets and metformin hydrochloride extended-release tablets and institute general supportive measures in a hospital setting. Prompt hemodialysis is recommended. ( 5.1 )"
Losartan potassium,LOSARTAN POTASSIUM,Yes,"WARNING: FETAL TOXICITY When pregnancy is detected, discontinue losartan potassium as soon as possible. Drugs that act directly on the renin-angiotensin system can cause injury and death to the developing fetus [ see Warnings and Precautions (5.1 )]. WARNING: FETAL TOXICITY See full prescribing information for complete boxed warning. When pregnancy is detected, discontinue losartan potassium as soon as possible. Drugs that act directly on the renin-angiotensin system can cause injury and death to the developing fetus. (5.1)"
Fenofibrate,FENOFIBRATE,No,No Boxed Warning
Metformin,METFORMIN ER 500 MG,No,No Boxed Warning
OLMESARTAN MEDOXOMIL,OLMESARTAN MEDOXOMIL,Yes,"WARNING: FETAL TOXICITY When pregnancy is detected, discontinue olmesartan medoxomil tablets as soon as possible ( 5.1 , 8.1 ). Drugs that act directly on the renin-angiotensin system can cause injury anddeath to the developing fetus ( 5.1 , 8.1 ). WARNING: FETAL TOXICITY See full prescribing information for complete boxed warning. When pregnancy is detected, discontinue olmesartan medoxomil tablets as soon as possible ( 5.1 , 8.1 ). Drugs that act directly on the renin-angiotensin system can cause injury and death to the developing fetus ( 5.1 , 8.1 )."
Valsartan and Hydrochlorothiazide,VALSARTAN AND HYDROCHLOROTHIAZIDE,Yes,"WARNING: FETAL TOXICITY When pregnancy is detected, discontinue valsartan and hydrochlorothiazide tablets as soon as possible. (5.1) Drugs that act directly on the renin-angiotensin system can cause injury and death to the developing fetus. (5.1) WARNING: FETAL TOXICITY See full prescribing information for complete boxed warning. When pregnancy is detected, discontinue valsartan and hydrochlorothiazide tablets as soon as possible. (5.1) Drugs that act directly on the renin-angiotensin system can cause injury and death to the developing fetus. (5.1)"
Gemfibrozil,GEMFIBROZIL,No,No Boxed Warning
Torsemide,TORSEMIDE,No,No Boxed Warning
Riomet,METFORMIN HYDROCHLORIDE,Yes,"WARNING: LACTIC ACIDOSIS Postmarketing cases of metformin-associated lactic acidosis have resulted in death, hypothermia, hypotension, and resistant bradyarrhythmias. The onset of metformin ‑ associated lactic acidosis is often subtle, accompanied only by nonspecific symptoms such as malaise, myalgias, respiratory distress, somnolence, and abdominal pain. Metformin ‑ associated lactic acidosis was characterized by elevated blood lactate levels (>5 mmol/Liter), anion gap acidosis (without evidence of ketonuria or ketonemia), an increased lactate/pyruvate ratio; and metformin plasma levels generally >5 mcg/mL [see Warnings and Precautions (5.1) ]. Risk factors for metformin-associated lactic acidosis include renal impairment, concomitant use of certain drugs (e.g. carbonic anhydrase inhibitors such as topiramate), age 65 years old or greater, having a radiological study with contrast, surgery and other procedures, hypoxic states (e.g., acute congestive heart failure), excessive alcohol intake, and hepatic impairment. Steps to reduce the risk of and manage metformin-associated lactic acidosis in these high risk groups are provided [see Dosage and Administration (2.3), Contraindications (4), Warnings and Precautions (5.1) ]. If metformin-associated lactic acidosis is suspected, immediately discontinue RIOMET and institute general supportive measures in a hospital setting. Prompt hemodialysis is recommended [see Warnings and Precautions (5.1) ]. WARNING: LACTIC ACIDOSIS See full prescribing information for complete boxed warning • Postmarketing cases of metformin-associated lactic acidosis have resulted in death, hypothermia, hypotension, and resistant bradyarrhythmias. Symptoms included malaise, myalgias, respiratory distress, somnolence, and abdominal pain. Laboratory abnormalities included elevated blood lactate levels, anion gap acidosis, increased lactate/pyruvate ratio; and metformin plasma levels generally > 5 mcg/mL. (5.1) • Risk factors include renal impairment, concomitant use of certain drugs, age ≥ 65 years old, radiological studies with contrast, surgery and other procedures, hypoxic states, excessive alcohol intake, and hepatic impairment. Steps to reduce the risk of and manage metformin-associated lactic acidosis in these high risk groups are provided in the Full Prescribing Information. (5.1) • If lactic acidosis is suspected, discontinue RIOMET and institute general supportive measures in a hospital setting. Prompt hemodialysis is recommended. (5.1)"
Metoprolol Succinate,METOPROLOL SUCCINATE ER TABLETS,No,No Boxed Warning
Felodipine,FELODIPINE,No,No Boxed Warning
Pioglitazone,PIOGLITAZONE,Yes,"WARNING: CONGESTIVE HEART FAILURE • Thiazolidinediones, including pioglitazone, cause or exacerbate congestive heart failure in some patients [see ] . • After initiation of pioglitazone, and after dose increases, monitor patients carefully for signs and symptoms of heart failure (e.g., excessive, rapid weight gain, dyspnea, and/or edema). If heart failure develops, it should be managed according to current standards of care and discontinuation or dose reduction of pioglitazone must be considered. • Pioglitazone is not recommended in patients with symptomatic heart failure. • Initiation of pioglitazone in patients with established New York Heart Association (NYHA) Class III or IV heart failure is contraindicated [see and ] . • Thiazolidinediones, including pioglitazone, cause or exacerbate congestive heart failure in some patients. • After initiation of pioglitazone, and after dose increases, monitor patients carefully for signs and symptoms of heart failure (e.g., excessive, rapid weight gain, dyspnea, and/or edema). If heart failure develops, it should be managed according to current standards of care and discontinuation or dose reduction of pioglitazone must be considered. • Pioglitazone is not recommended in patients with symptomatic heart failure. • Initiation of pioglitazone in patients with established New York Heart Association (NYHA) Class III or IV heart failure is contraindicated. ,"
Cholestyramine,CHOLESTYRAMINE,No,No Boxed Warning
Felodipine,FELODIPINE,No,No Boxed Warning
Benazepril Hydrochloride,BENAZEPRIL HYDROCHLORIDE,Yes,"WARNING: FETAL TOXICITY When pregnancy is detected, discontinue benazepril hydrochloride tablets as soon as possible. ( 5.1 ) Drugs that act directly on the renin-angiotensin system can cause injury and death to the developing fetus [see Warnings and Precautions ( 5.1 )]. WARNING-FETAL TOXICITY See full prescribing information for complete boxed warning. When pregnancy is detected, discontinue benazepril hydrochloride tablets as soon as possible. ( 5.1 ) Drugs that act directly on the renin-angiotensin system can cause injury and death to the developing fetus. ( 5.1 )"
PHENTERMINE HYDROCHLORIDE,PHENTERMINE HYDROCHLORIDE,No,No Boxed Warning
SIMVASTATIN,SIMVASTATIN,No,No Boxed Warning
Acarbose,ACARBOSE,No,No Boxed Warning
IRBESARTAN,IRBESARTAN,Yes,"WARNING: FETAL TOXICITY • When pregnancy is detected, discontinue irbesartan tablets as soon as possible [see Warnings and Precautions ( 5.1 ) and Use in Specific Populations ( 8.1) ]. • Drugs that act directly on the renin-angiotensin system can cause injury and death to the developing fetus [see Warnings and Precautions ( 5.1 ) and Use in Specific Populations ( 8.1 )]. WARNING: FETAL TOXICITY See full prescribing information for complete boxed warning. When pregnancy is detected, discontinue irbesartan tablets as soon as possible. (5.1,8.1) Drugs that act directly on the renin-angiotensin system can cause injury and death to the developing fetus. (5.1,8.1)"
LISINOPRIL,LISINOPRIL,Yes,"WARNING: FETAL TOXICITY • When pregnancy is detected, discontinue Lisinopril as soon as possible [see Warnings and Precautions (5.1) ]. • Drugs that act directly on the renin-angiotensin system can cause injury and death to the developing fetus [see Warnings and Precautions (5.1) ]. WARNING: FETAL TOXICITY See full prescribing information for complete boxed warning. • When pregnancy is detected, discontinue Lisinopril as soon as possible. (5.1) • Drugs that act directly on the renin-angiotensin system can cause injury and death to the developing fetus. (5.1)"
Fenofibrate,FENOFIBRATE,No,No Boxed Warning
Sodium Bicarbonate,SODIUM BICARBONATE,No,No Boxed Warning
ADMELOG,INSULIN LISPRO,No,No Boxed Warning
ATORVASTATIN CALCIUM,ATORVASTATIN CALCIUM,No,No Boxed Warning
Metformin HCl,METFORMIN HCL,No,No Boxed Warning
Lovastatin,LOVASTATIN,No,No Boxed Warning
LISINOPRIL,LISINOPRIL,Yes,"WARNING: FETAL TOXICITY • When pregnancy is detected, discontinue lisinopril as soon as possible [see Warnings and Precautions (5.1) ]. • Drugs that act directly on the renin-angiotensin system can cause injury and death to the developing fetus [see Warnings and Precautions (5.1) ]. WARNING: FETAL TOXICITY See full prescribing information for complete boxed warning. • When pregnancy is detected, discontinue lisinopril as soon as possible. (5.1) • Drugs that act directly on the renin-angiotensin system can cause injury and death to the developing fetus. (5.1)"
Glipizide,GLIPIZIDE,No,No Boxed Warning
METFORMIN HYDROCHLORIDE,METFORMIN HYDROCHLORIDE,Yes,"WARNING: LACTIC ACIDOSIS Postmarketing cases of metformin-associated lactic acidosis have resulted in death, hypothermia, hypotension, and resistant bradyarrhythmias. The onset of metformin­ associated lactic acidosis is often subtle, accompanied only by nonspecific symptoms such as malaise, myalgias, respiratory distress, somnolence, and abdominal pain. Metformin­ associated lactic acidosis was characterized by elevated blood lactate levels (>5 mmol/Liter), anion gap acidosis (without evidence of ketonuria or ketonemia), an increased lactate/pyruvate ratio; and metformin plasma levels generally >5 mcg/mL [ see Warnings and Precautions ( 5.1 ) ]. Risk factors for metformin-associated lactic acidosis include renal impairment, concomitant use of certain drugs (e.g. carbonic anhydrase inhibitors such as topiramate), age 65 years old or greater, having a radiological study with contrast, surgery and other procedures, hypoxic states (e.g., acute congestive heart failure), excessive alcohol intake, and hepatic impairment. Steps to reduce the risk of and manage metformin-associated lactic acidosis in these high risk groups are provided [ see Dosage and Administration ( 2.3 ), (2.7), Contraindications ( 4 ), Warnings and Precautions ( 5.1 ) ]. If metformin-associated lactic acidosis is suspected, immediately discontinue metformin hydrochloride tablets and institute general supportive measures in a hospital setting. Prompt hemodialysis is recommended [ see Warnings and Precautions ( 5.1 ) ]. WARNING: LACTIC ACIDOSIS See full prescribing information for complete boxed warning. Postmarketing cases of metformin-associated lactic acidosis have resulted in death, hypothermia, hypotension, and resistant bradyarrhythmias. Symptoms included malaise, myalgias, respiratory distress, somnolence, and abdominal pain. Laboratory abnormalities included elevated blood lactate levels, anion gap acidosis, increased lactate/pyruvate ratio; and metformin plasma levels generally >5 mcg/mL. ( 5.1 ) Risk factors include renal impairment, concomitant use of certain drugs, age >65 years old, radiological studies with contrast, surgery and other procedures, hypoxic states, excessive alcohol intake, and hepatic impairment. Steps to reduce the risk of and manage metformin­-associated lactic acidosis in these high risk groups are provided in the Full Prescribing Information. ( 5.1 ) If lactic acidosis is suspected, discontinue metformin hydrochloride tablets and institute general supportive measures in a hospital setting. Prompt hemodialysis is recommended. ( 5.1 )"
LOMAIRA,PHENTERMINE HYDROCHLORIDE,No,No Boxed Warning
Metformin Hydrochloride,METFORMIN HYDROCHLORIDE,Yes,"WARNING: LACTIC ACIDOSIS Postmarketing cases of metformin-associated lactic acidosis have resulted in death, hypothermia, hypotension, and resistant bradyarrhythmias. The onset of metformin-associated lactic acidosis is often subtle, accompanied only by nonspecific symptoms such as malaise, myalgias, respiratory distress, somnolence, and abdominal pain. Metformin-associated lactic acidosis was characterized by elevated blood lactate levels (>5 mmol/Liter), anion gap acidosis (without evidence of ketonuria or ketonemia), an increased lactate/pyruvate ratio; and metformin plasma levels generally >5 mcg/mL [ see Warnings and Precautions (5.1) ]. Risk factors for metformin-associated lactic acidosis include renal impairment, concomitant use of certain drugs (e.g. carbonic anhydrase inhibitors such as topiramate), age 65 years old or greater, having a radiological study with contrast, surgery and other procedures, hypoxic states (e.g., acute congestive heart failure), excessive alcohol intake, and hepatic impairment. Steps to reduce the risk of and manage metformin-associated lactic acidosis in these high risk groups are provided [ see Dosage and Administration (2.3) , Contraindications (4) , Warnings and Precautions (5.1) ] . If metformin-associated lactic acidosis is suspected, immediately discontinue metformin hydrochloride and institute general supportive measures in a hospital setting. Prompt hemodialysis is recommended [ see Warnings and Precautions (5.1) ]. WARNING: LACTIC ACIDOSIS See full prescribing information for complete boxed warning. Postmarketing cases of metformin-associated lactic acidosis have resulted in death, hypothermia, hypotension, and resistant bradyarrhythmias. Symptoms included malaise, myalgias, respiratory distress, somnolence, and abdominal pain. Laboratory abnormalities included elevated blood lactate levels, anion gap acidosis, increased lactate/pyruvate ratio; and metformin plasma levels generally >5 mcg/mL. (5.1) Risk factors include renal impairment, concomitant use of certain drugs, age >65 years old, radiological studies with contrast, surgery and other procedures, hypoxic states, excessive alcohol intake, and hepatic impairment. Steps to reduce the risk of and manage metformin-associated lactic acidosis in these high risk groups are provided in the Full Prescribing Information. (5.1) If lactic acidosis is suspected, discontinue metformin hydrochloride and institute general supportive measures in a hospital setting. Prompt hemodialysis is recommended. (5.1)"
Verapamil Hydrochloride,VERAPAMIL HYDROCHLORIDE,No,No Boxed Warning
Glimepiride,GLIMEPIRIDE,No,No Boxed Warning
METFORMIN HYDROCHLORIDE,METFORMIN HYDROCHLORIDE,Yes,"WARNING: LACTIC ACIDOSIS Postmarketing cases of metformin-associated lactic acidosis have resulted in death, hypothermia, hypotension, and resistant bradyarrhythmias. The onset of metformin-associated lactic acidosis is often subtle, accompanied only by nonspecific symptoms such as malaise, myalgias, respiratory distress, somnolence, and abdominal pain. Metformin-associated lactic acidosis was characterized by elevated blood lactate levels (>5 mmol/Liter), anion gap acidosis (without evidence of ketonuria or ketonemia), an increased lactate/pyruvate ratio; and metformin plasma levels generally >5 mcg/mL [ see Warnings and Precautions (5.1) ] . Risk factors for metformin-associated lactic acidosis include renal impairment, concomitant use of certain drugs (e.g., carbonic anhydrase inhibitors such as topiramate), age 65 years old or greater, having a radiological study with contrast, surgery and other procedures, hypoxic states (e.g., acute congestive heart failure), excessive alcohol intake, and hepatic impairment. Steps to reduce the risk of and manage metformin-associated lactic acidosis in these high risk groups are provided [ see Dosage and Administration (2.2) , Contraindications (4) , Warnings and Precautions (5.1) ]. If metformin-associated lactic acidosis is suspected, immediately discontinue Metformin hydrochloride extended-release tablets and institute general supportive measures in a hospital setting. Prompt hemodialysis is recommended [ see Warnings and Precautions (5.1) ]. WARNING: LACTIC ACIDOSIS See full prescribing information for complete boxed warning. ◻ Postmarketing cases of metformin-associated lactic acidosis have resulted in death, hypothermia, hypotension, and resistant bradyarrhythmias. Symptoms included malaise, myalgias, respiratory distress, somnolence, and abdominal pain. Laboratory abnormalities included elevated blood lactate levels, anion gap acidosis, increased lactate/pyruvate ratio; and metformin plasma levels generally >5 mcg/mL. ( 5.1 ) ◻ Risk factors include renal impairment, concomitant use of certain drugs, age >65 years old, radiological studies with contrast, surgery and other procedures, hypoxic states, excessive alcohol intake, and hepatic impairment. Steps to reduce the risk of and manage metformin-associated lactic acidosis in these high risk groups are provided in the Full Prescribing Information. ( 5.1 ) ◻ If lactic acidosis is suspected, discontinue Metformin hydrochloride extended-release tablets and institute general supportive measures in a hospital setting. Prompt hemodialysis is recommended. ( 5.1 )"
Fenofibrate,FENOFIBRATE,No,No Boxed Warning
METFORMIN HYDROCHLORIDE,METFORMIN HYDROCHLORIDE,Yes,"WARNING: LACTIC ACIDOSIS Postmarketing cases of metformin-associated lactic acidosis have resulted in death, hypothermia, hypotension, and resistant bradyarrhythmias. The onset of metformin associated lactic acidosis is often subtle, accompanied only by nonspecific symptoms such as malaise, myalgias, respiratory distress, somnolence, and abdominal pain. Metformin-associated lactic acidosis was characterized by elevated blood lactate levels (>5 mmol/Liter), anion gap acidosis (without evidence of ketonuria or ketonemia), an increased lactate/pyruvate ratio; and metformin plasma levels generally >5 mcg/mL [ see Warnings and Precautions (5.1) ]. Risk factors for metformin-associated lactic acidosis include renal impairment, concomitant use of certain drugs (e.g. carbonic anhydrase inhibitors such as topiramate), age 65 years old or greater, having a radiological study with contrast, surgery and other procedures, hypoxic states (e.g., acute congestive heart failure), excessive alcohol intake, and hepatic impairment. Steps to reduce the risk of and manage metformin-associated lactic acidosis in these high risk groups are provided [ see Dosage and Administration (2.3) , (2.7), Contraindications (4) , Warnings and Precautions (5.1) ]. If metformin-associated lactic acidosis is suspected, immediately discontinue metformin hydrochloride extended-release tablets and institute general supportive measures in a hospital setting. Prompt hemodialysis is recommended [ see Warnings and Precautions (5.1) ] WARNING: LACTIC ACIDOSIS See full prescribing information for complete boxed warning. Postmarketing cases of metformin-associated lactic acidosis have resulted in death, hypothermia, hypotension, and resistant bradyarrhythmias. Symptoms included malaise, myalgias, respiratory distress, somnolence, and abdominal pain. Laboratory abnormalities included elevated blood lactate levels, anion gap acidosis, increased lactate/pyruvate ratio; and metformin plasma levels generally >5 mcg/mL. ( 5.1 ) Risk factors include renal impairment, concomitant use of certain drugs, age >65 years old, radiological studies with contrast, surgery and other procedures, hypoxic states, excessive alcohol intake, and hepatic impairment. Steps to reduce the risk of and manage metformin-associated lactic acidosis in these high risk groups are provided in the Full Prescribing Information. ( 5.1 ) If lactic acidosis is suspected, discontinue metformin hydrochloride extended-release tablets and institute general supportive measures in a hospital setting. Prompt hemodialysis is recommended.( 5.1 )"
Prazosin Hydrochloride,PRAZOSIN HYDROCHLORIDE,No,No Boxed Warning
Metformin Hydrochloride,METFORMIN HYDROCHLORIDE,Yes,"WARNING: LACTIC ACIDOSIS Postmarketing cases of metformin-associated lactic acidosis have resulted in death, hypothermia, hypotension, and resistant bradyarrhythmias. The onset of metformin-associated lactic acidosis is often subtle, accompanied only by nonspecific symptoms such as malaise, myalgias, respiratory distress, somnolence, and abdominal pain. Metformin-associated lactic acidosis was characterized by elevated blood lactate levels (> 5 mmol/Liter), anion gap acidosis (without evidence of ketonuria or ketonemia), an increased lactate/pyruvate ratio; and metformin plasma levels generally > 5 mcg/mL [see Warnings and Precautions (5.1) ] . Risk factors for metformin-associated lactic acidosis include renal impairment, concomitant use of certain drugs (e.g. carbonic anhydrase inhibitors such as topiramate), age 65 years old or greater, having a radiological study with contrast, surgery and other procedures, hypoxic states (e.g., acute congestive heart failure), excessive alcohol intake, and hepatic impairment. Steps to reduce the risk of and manage metformin-associated lactic acidosis in these high risk groups are provided [see Dosage and Administration (2.3) , Contraindications (4) , Warnings and Precautions (5.1) ] . If metformin-associated lactic acidosis is suspected, immediately discontinue metformin hydrochloride tablets and institute general supportive measures in a hospital setting. Prompt hemodialysis is recommended [see Warnings and Precautions (5.1) ] . WARNING: LACTIC ACIDOSIS See full prescribing information for complete boxed warning. Postmarketing cases of metformin-associated lactic acidosis have resulted in death, hypothermia, hypotension, and resistant bradyarrhythmias. Symptoms included malaise, myalgias, respiratory distress, somnolence, and abdominal pain. Laboratory abnormalities included elevated blood lactate levels, anion gap acidosis, increased lactate/pyruvate ratio; and metformin plasma levels generally > 5 mcg/mL. ( 5.1 ) Risk factors include renal impairment, concomitant use of certain drugs, age > 65 years old, radiological studies with contrast, surgery and other procedures, hypoxic states, excessive alcohol intake, and hepatic impairment. Steps to reduce the risk of and manage metformin-associated lactic acidosis in these high risk groups are provided in the Full Prescribing Information. ( 5.1 ) If lactic acidosis is suspected, discontinue metformin hydrochloride tablets and institute general supportive measures in a hospital setting. Prompt hemodialysis is recommended. ( 5.1 )"
SODIUM BICARBONATE,SODIUM BICARBONATE,No,No Boxed Warning
FENOFIBRATE,FENOFIBRATE,No,No Boxed Warning
Doxazosin,DOXAZOSIN,No,No Boxed Warning
Fenofibrate,FENOFIBRATE,No,No Boxed Warning
METFORMIN HYDROCHLORIDE,METFORMIN HYDROCHLORIDE,Yes,"WARNING: LACTIC ACIDOSIS Postmarketing cases of metformin-associated lactic acidosis have resulted in death, hypothermia, hypotension, and resistant bradyarrhythmias. The onset of metformin­ associated lactic acidosis is often subtle, accompanied only by nonspecific symptoms such as malaise, myalgias, respiratory distress, somnolence, and abdominal pain. Metformin­ associated lactic acidosis was characterized by elevated blood lactate levels (>5 mmol/Liter), anion gap acidosis (without evidence of ketonuria or ketonemia), an increased lactate/pyruvate ratio; and metformin plasma levels generally >5 mcg/mL [ see Warnings and Precautions ( 5.1 ) ]. Risk factors for metformin-associated lactic acidosis include renal impairment, concomitant use of certain drugs (e.g. carbonic anhydrase inhibitors such as topiramate), age 65 years old or greater, having a radiological study with contrast, surgery and other procedures, hypoxic states (e.g., acute congestive heart failure), excessive alcohol intake, and hepatic impairment. Steps to reduce the risk of and manage metformin-associated lactic acidosis in these high risk groups are provided [ see Dosage and Administration ( 2.3 ), (2.7), Contraindications ( 4 ), Warnings and Precautions ( 5.1 ) ]. If metformin-associated lactic acidosis is suspected, immediately discontinue metformin hydrochloride tablets and institute general supportive measures in a hospital setting. Prompt hemodialysis is recommended [ see Warnings and Precautions ( 5.1 ) ]. WARNING: LACTIC ACIDOSIS See full prescribing information for complete boxed warning. Postmarketing cases of metformin-associated lactic acidosis have resulted in death, hypothermia, hypotension, and resistant bradyarrhythmias. Symptoms included malaise, myalgias, respiratory distress, somnolence, and abdominal pain. Laboratory abnormalities included elevated blood lactate levels, anion gap acidosis, increased lactate/pyruvate ratio; and metformin plasma levels generally >5 mcg/mL. ( 5.1 ) Risk factors include renal impairment, concomitant use of certain drugs, age >65 years old, radiological studies with contrast, surgery and other procedures, hypoxic states, excessive alcohol intake, and hepatic impairment. Steps to reduce the risk of and manage metformin­-associated lactic acidosis in these high risk groups are provided in the Full Prescribing Information. ( 5.1 ) If lactic acidosis is suspected, discontinue metformin hydrochloride tablets and institute general supportive measures in a hospital setting. Prompt hemodialysis is recommended. ( 5.1 )"
Spironolactone,SPIRONOLACTONE,No,No Boxed Warning
Glipizide,GLIPIZIDE,No,No Boxed Warning
Valsartan,VALSARTAN,Yes,"WARNING: FETAL TOXICITY WARNING: FETAL TOXICITY • When pregnancy is detected, discontinue valsartan tablets as soon as possible. (5.1) • Drugs that act directly on the renin-angiotensin system can cause injury and death to the developing fetus. (5.1) WARNING: FETAL TOXICITY See full prescribing information for complete boxed warning. • When pregnancy is detected, discontinue valsartan tablets as soon as possible. ( 5.1 ) • Drugs that act directly on the renin-angiotensin system can cause injury and death to the developing fetus. ( 5.1 )"
METOPROLOL TARTRATE,METOPROLOL TARTRATE,No,No Boxed Warning
IRBESARTAN,IRBESARTAN,Yes,"WARNING: FETAL TOXICITY • When pregnancy is detected, discontinue Irbesartan Tablets as soon as possible. • Drugs that act directly on the renin-angiotensin system can cause injury and death to the developing fetus [see Warnings and Precautions (5.1)]. WARNING: FETAL TOXICITY See full prescribing information for complete boxed warning. • When pregnancy is detected, discontinue Irbesartan Tablets as soon as possible. (5.1) • Drugs that act directly on the renin-angiotensin system can cause injury and death to the developing fetus. (5.1)"
Glipizide,GLIPIZIDE,No,No Boxed Warning
Lisinopril,LISINOPRIL,Yes,"WARNING: FETAL TOXICITY See full prescribing information for complete boxed warning. When pregnancy is detected, discontinue lisinopril as soon as possible. ( 5.1 ) Drugs that act directly on the renin-angiotensin system can cause injury and death to the developing fetus. ( 5.1 ) WARNING: FETAL TOXICITY When pregnancy is detected, discontinue lisinopril as soon as possible [see WARNINGS AND PRECAUTIONS ( 5.1 )] . Drugs that act directly on the renin-angiotensin system can cause injury and death to the developing fetus [see WARNINGS AND PRECAUTIONS ( 5.1 )] ."
Benazepril Hydrochloride,BENAZEPRIL HYDROCHLORIDE,Yes,"WARNING: FETAL TOXICITY When pregnancy is detected, discontinue benazepril hydrochloride tablets as soon as possible. ( 5.1 ) Drugs that act directly on the renin-angiotensin system can cause injury and death to the developing fetus [see Warnings and Precautions ( 5.1 )]. WARNING-FETAL TOXICITY See full prescribing information for complete boxed warning. When pregnancy is detected, discontinue benazepril hydrochloride tablets as soon as possible. ( 5.1 ) Drugs that act directly on the renin-angiotensin system can cause injury and death to the developing fetus. ( 5.1 )"
AMLODIPINE BESYLATE,AMLODIPINE BESYLATE,No,No Boxed Warning
Valsartan,VALSARTAN,Yes,"WARNING: FETAL TOXICITY • When pregnancy is detected, discontinue valsartan tablets as soon as possible. (5.1) • Drugs that act directly on the renin-angiotensin system can cause injury and death to the developing fetus. (5.1) WARNING: FETAL TOXICITY See full prescribing information for complete boxed warning. • When pregnancy is detected, discontinue valsartan tablets as soon as possible. ( 5.1 ) • Drugs that act directly on the renin-angiotensin system can cause injury and death to the developing fetus. ( 5.1 )"
Torsemide,TORSEMIDE,No,No Boxed Warning
Amlodipine Besylate,AMLODIPINE BESYLATE,No,No Boxed Warning
Phentermine Hydrochloride,PHENTERMINE HYDROCHLORIDE,No,No Boxed Warning
Glipizide,GLIPIZIDE,No,No Boxed Warning
Nifedipine,NIFEDIPINE,No,No Boxed Warning
Atenolol,ATENOLOL,No,No Boxed Warning
Valsartan and Hydrochlorothiazide,VALSARTAN AND HYDROCHLOROTHIAZIDE,Yes,"WARNING: FETAL TOXICITY •When pregnancy is detected, discontinue valsartan and hydrochlorothiazide tablets as soon as possible. (5.1) •Drugs that act directly on the renin-angiotensin system can cause injury and death to the developing fetus. (5.1) WARNING: FETAL TOXICITY See full prescribing information for complete boxed warning. When pregnancy is detected, discontinue valsartan and hydrochlorothiazide tablets as soon as possible. ( 5.1 ) Drugs that act directly on the renin-angiotensin system can cause injury and death to the developing fetus. ( 5.1 )"
ATORVASTATIN CALCIUM,ATORVASTATIN CALCIUM,No,No Boxed Warning
Atorvastatin Calcium,ATORVASTATIN CALCIUM,No,No Boxed Warning
Omega-3-Acid Ethyl Ester,OMEGA-3-ACID ETHYL ESTERS,No,No Boxed Warning
Sodium Bicarbonate,SODIUM BICARBONATE,No,No Boxed Warning
telmisartan,TELMISARTAN,Yes,"WARNING: FETAL TOXICITY When pregnancy is detected, discontinue telmisartan as soon as possible [see Warnings and Precautions (5.1) and Use in Specific Populations (8.1) ]. Drugs that act directly on the renin-angiotensin system can cause injury and death to the developing fetus [see Warnings and Precautions (5.1) and Use in Specific Populations (8.1) ] WARNING: FETAL TOXICITY See full prescribing information for complete boxed warning. When pregnancy is detected, discontinue telmisartan as soon as possible ( 5.1 , 8.1 ) Drugs that act directly on the renin-angiotensin system can cause injury and death to the developing fetus ( 5.1 , 8.1 )"
Benazepril Hydrochloride,BENAZEPRIL HYDROCHLORIDE,Yes,"WARNING: FETAL TOXICITY When pregnancy is detected, discontinue benazepril as soon as possible. Drugs that act directly on the renin-angiotensin system can cause injury and death to the developing fetus [see Warnings and Precautions (5.1) ]. WARNING- FETAL TOXICITY See full prescribing information for complete boxed warning. When pregnancy is detected, discontinue benazepril as soon as possible. ( 5.1 ) Drugs that act directly on the renin-angiotensin system can cause injury and death to the developing fetus. ( 5.1 )"
METOPROLOL SUCCINATE,METOPROLOL SUCCINATE,No,No Boxed Warning
SIMVASTATIN,SIMVASTATIN,No,No Boxed Warning
Glipizide,GLIPIZIDE,No,No Boxed Warning
Glimepiride,GLIMEPIRIDE,No,No Boxed Warning
Simvastatin,SIMVASTATIN,No,No Boxed Warning
Nadolol,NADOLOL,Yes,"Exacerbation of Ischemic Heart Disease Following Abrupt Withdrawal Hypersensitivity to catecholamines has been observed in patients withdrawn from beta-blocker therapy; exacerbation of angina and, in some cases, myocardial infarction have occurred after abrupt discontinuation of such therapy. When discontinuing chronically administered nadolol, particularly in patients with ischemic heart disease, the dosage should be gradually reduced over a period of one to two weeks and the patient should be carefully monitored. If angina markedly worsens or acute coronary insufficiency develops, nadolol administration should be reinstituted promptly, at least temporarily, and other measures appropriate for the management of unstable angina should be taken. Patients should be warned against interruption or discontinuation of therapy without the physician's advice. Because coronary artery disease is common and may be unrecognized, it may be prudent not to discontinue nadolol therapy abruptly even in patients treated only for hypertension."
Losartan Potassium and Hydrochlorothiazide,LOSARTAN POTASSIUM AND HYDROCHLOROTHIAZIDE,Yes,"WARNING: FETAL TOXICITY When pregnancy is detected, discontinue losartan potassium and hydrochlorothiazide tablets as soon as possible. Drugs that act directly on the renin-angiotensin system can cause injury and death to the developing fetus [see WARNINGS AND PRECAUTIONS ( 5.1 )]. WARNING: FETAL TOXICITY See full prescribing information for complete boxed warning. When pregnancy is detected, discontinue losartan potassium and hydrochlorothiazide tablets as soon as possible. Drugs that act directly on the renin-angiotensin system can cause injury and death to the developing fetus. ( 5.1 )"
Metoprolol Tartrate,METOPROLOL TARTRATE,No,No Boxed Warning
TRULICITY,DULAGLUTIDE,Yes,"WARNING: RISK OF THYROID C-CELL TUMORS In male and female rats, dulaglutide causes a dose-related and treatment-duration-dependent increase in the incidence of thyroid C-cell tumors (adenomas and carcinomas) after lifetime exposure. It is unknown whether TRULICITY causes thyroid C-cell tumors, including medullary thyroid carcinoma (MTC), in humans as human relevance of dulaglutide-induced rodent thyroid C-cell tumors has not been determined [see Warnings and Precautions ( 5.1 ), and Nonclinical Toxicology ( 13.1 )] . TRULICITY is contraindicated in patients with a personal or family history of MTC and in patients with Multiple Endocrine Neoplasia syndrome type 2 (MEN 2). Counsel patients regarding the potential risk of MTC with use of TRULICITY and inform them of symptoms of thyroid tumors (e.g., mass in the neck, dysphagia, dyspnea, persistent hoarseness). Routine monitoring of serum calcitonin or using thyroid ultrasound is of uncertain value for early detection of MTC in patients treated with TRULICITY [see Contraindications ( 4 ) and Warnings and Precautions ( 5.1 )] . WARNING: RISK OF THYROID C-CELL TUMORS See full prescribing information for complete boxed warning. Dulaglutide causes thyroid C-cell tumors in rats. It is unknown whether TRULICITY causes thyroid C-cell tumors, including medullary thyroid carcinoma (MTC), in humans as the human relevance of dulaglutide-induced rodent thyroid C-cell tumors has not been determined ( 5.1 , 13.1 ). TRULICITY is contraindicated in patients with a personal or family history of MTC and in patients with Multiple Endocrine Neoplasia syndrome type 2 (MEN 2). Counsel patients regarding the potential risk of MTC and symptoms of thyroid tumors ( 4 , 5.1 )."
Olmesartan Medoxomil,OLMESARTAN MEDOXOMIL,Yes,"WARNING: FETAL TOXICITY When pregnancy is detected, discontinue olmesartan medoxomil as soon as possible ( 5.1 , 8.1) . Drugs that act directly on the renin-angiotensin system can cause injury and death to the developing fetus ( 5.1 , 8.1 ) . WARNING: FETAL TOXICITY See full prescribing information for complete boxed warning. When pregnancy is detected, discontinue olmesartan medoxomil as soon as possible ( 5.1 , 8.1 ). Drugs that act directly on the renin-angiotensin system can cause injury and death to the developing fetus ( 5.1 , 8.1 )."
Atenolol,ATENOLOL,Yes,"BOXED WARNING Cessation of Therapy with Atenolol Patients with coronary artery disease, who are being treated with atenolol, should be advised against abrupt discontinuation of therapy. Severe exacerbation of angina and the occurrence of myocardial infarction and ventricular arrhythmias have been reported in angina patients following the abrupt discontinuation of therapy with beta blockers. The last two complications may occur with or without preceding exacerbation of the angina pectoris. As with other beta blockers, when discontinuation of atenolol is planned, the patients should be carefully observed and advised to limit physical activity to a minimum. If the angina worsens or acute coronary insufficiency develops, it is recommended that atenolol be promptly reinstituted, at least temporarily. Because coronary artery disease is common and may be unrecognized, it may be prudent not to discontinue atenolol therapy abruptly even in patients treated only for hypertension. (See Dosage and administration )."
Lovastatin,LOVASTATIN,No,No Boxed Warning
Nifedipine,NIFEDIPINE,No,No Boxed Warning
atorvastatin calcium,"ATORVASTATIN CALCIUM, FILM COATED",No,No Boxed Warning
metoprolol succinate,METOPROLOL SUCCINATE,No,No Boxed Warning
atorvastatin calcium,"ATORVASTATIN CALCIUM, FILM COATED",No,No Boxed Warning
Doxazosin,DOXAZOSIN MESYLATE,No,No Boxed Warning
ATORVASTATIN CALCIUM,ATORVASTATIN CALCIUM,No,No Boxed Warning
Sodium Bicarbonate,SODIUM BICARBONATE,No,No Boxed Warning
BASAGLAR KwikPen,INSULIN GLARGINE,No,No Boxed Warning
VERAPAMIL HYDROCHLORIDE,VERAPAMIL HYDROCHLORIDE,No,No Boxed Warning
Glimepiride,GLIMEPIRIDE,No,No Boxed Warning
metoprolol succinate,METOPROLOL SUCCINATE,No,No Boxed Warning
Glipizide,GLIPIZIDE,No,No Boxed Warning
Torsemide,TORSEMIDE,No,No Boxed Warning
METFORMIN HYDROCHLORIDE,METFORMIN HYDROCHLORIDE,Yes,"WARNING: LACTIC ACIDOSIS Postmarketing cases of metformin-associated lactic acidosis have resulted in death, hypothermia, hypotension, and resistant bradyarrhythmias. The onset of metformin­ associated lactic acidosis is often subtle, accompanied only by nonspecific symptoms such as malaise, myalgias, respiratory distress, somnolence, and abdominal pain. Metformin­ associated lactic acidosis was characterized by elevated blood lactate levels (>5 mmol/Liter), anion gap acidosis (without evidence of ketonuria or ketonemia), an increased lactate/pyruvate ratio; and metformin plasma levels generally >5 mcg/mL [ see Warnings and Precautions ( 5.1 ) ]. Risk factors for metformin-associated lactic acidosis include renal impairment, concomitant use of certain drugs (e.g. carbonic anhydrase inhibitors such as topiramate), age 65 years old or greater, having a radiological study with contrast, surgery and other procedures, hypoxic states (e.g., acute congestive heart failure), excessive alcohol intake, and hepatic impairment. Steps to reduce the risk of and manage metformin-associated lactic acidosis in these high risk groups are provided [ see Dosage and Administration ( 2.3 ), (2.7), Contraindications ( 4 ), Warnings and Precautions ( 5.1 ) ]. If metformin-associated lactic acidosis is suspected, immediately discontinue metformin hydrochloride tablets and institute general supportive measures in a hospital setting. Prompt hemodialysis is recommended [ see Warnings and Precautions ( 5.1 ) ]. WARNING: LACTIC ACIDOSIS See full prescribing information for complete boxed warning. Postmarketing cases of metformin-associated lactic acidosis have resulted in death, hypothermia, hypotension, and resistant bradyarrhythmias. Symptoms included malaise, myalgias, respiratory distress, somnolence, and abdominal pain. Laboratory abnormalities included elevated blood lactate levels, anion gap acidosis, increased lactate/pyruvate ratio; and metformin plasma levels generally >5 mcg/mL. ( 5.1 ) Risk factors include renal impairment, concomitant use of certain drugs, age >65 years old, radiological studies with contrast, surgery and other procedures, hypoxic states, excessive alcohol intake, and hepatic impairment. Steps to reduce the risk of and manage metformin­-associated lactic acidosis in these high risk groups are provided in the Full Prescribing Information. ( 5.1 ) If lactic acidosis is suspected, discontinue metformin hydrochloride tablets and institute general supportive measures in a hospital setting. Prompt hemodialysis is recommended. ( 5.1 )"
Metformin HCl,METFORMIN HCL,No,No Boxed Warning
Phentermine Hydrochloride,PHENTERMINE HYDROCHLORIDE,No,No Boxed Warning
Fenofibrate,FENOFIBRATE,No,No Boxed Warning
Gemfibrozil,GEMFIBROZIL,No,No Boxed Warning
Phentermine Hydrochloride,PHENTERMINE HYDROCHLORIDE,No,No Boxed Warning
METFORMIN HYDROCHLORIDE EXTENDED RELEASE,METFORMIN HYDROCHLORIDE,No,No Boxed Warning
Liraglutide,LIRAGLUTIDE,Yes,"WARNING: RISK OF THYROID C-CELL TUMORS • Liraglutide causes dose-dependent and treatment-duration-dependent thyroid C-cell tumors at clinically relevant exposures in both genders of rats and mice. It is unknown whether liraglutide causes thyroid C-cell tumors, including medullary thyroid carcinoma (MTC), in humans, as the human relevance of liraglutide-induced rodent thyroid C-cell tumors has not been determined [see Warnings and Precautions ( 5.1 ), Nonclinical Toxicology ( 13.1 )] . • Liraglutide is contraindicated in patients with a personal or family history of MTC and in patients with Multiple Endocrine Neoplasia syndrome type 2 (MEN 2). Counsel patients regarding the potential risk for MTC with the use of liraglutide and inform them of symptoms of thyroid tumors (e.g., a mass in the neck, dysphagia, dyspnea, persistent hoarseness). Routine monitoring of serum calcitonin or using thyroid ultrasound is of uncertain value for early detection of MTC in patients treated with liraglutide [see Contraindications ( 4 ), Warnings and Precautions ( 5.1 )] . WARNING: RISK OF THYROID C-CELL TUMORS See full prescribing information for complete boxed warning. • Liraglutide causes thyroid C-cell tumors at clinically relevant exposures in both genders of rats and mice. It is unknown whether liraglutide causes thyroid C-cell tumors, including medullary thyroid carcinoma (MTC), in humans, as the human relevance of liraglutide-induced rodent thyroid C-cell tumors has not been determined ( 5.1 , 13.1 ) . • Liraglutide is contraindicated in patients with a personal or family history of MTC or in patients with Multiple Endocrine Neoplasia syndrome type 2 (MEN 2). Counsel patients regarding the potential risk of MTC and the symptoms of thyroid tumors ( 4 , 5.1 )."
NADOLOL,NADOLOL,No,No Boxed Warning
FELODIPINE,FELODIPINE,No,No Boxed Warning
LISINOPRIL,LISINOPRIL,Yes,"WARNING: FETAL TOXICITY • When pregnancy is detected, discontinue lisinopril as soon as possible [see Warnings and Precautions (5.1) ]. • Drugs that act directly on the renin-angiotensin system can cause injury and death to the developing fetus [see Warnings and Precautions (5.1) ]. WARNING: FETAL TOXICITY See full prescribing information for complete boxed warning. • When pregnancy is detected, discontinue lisinopril as soon as possible. (5.1) • Drugs that act directly on the renin-angiotensin system can cause injury and death to the developing fetus. (5.1)"
telmisartan and hydrochlorothiazide,TELMISARTAN AND HYDROCHLOROTHIAZIDE,Yes,"BOXED WARNING WARNING: FETAL TOXICITY When pregnancy is detected, discontinue telmisartan and hydrochlorothiazide as soon as possible [see Warnings and Precautions (5.1) and Use in Specific Populations (8.1)]. Drugs that act directly on the renin-angiotensin system can cause injury and death to the developing fetus [see Warnings and Precautions (5.1) and Use in Specific Populations (8.1)] . WARNING: FETAL TOXICITY See full prescribing information for complete boxed warning . When pregnancy is detected, discontinue telmisartan and hydrochlorothiazide as soon as possible. (5.1, 8.1) Drugs that act directly on the renin-angiotensin system can cause injury and death to the developing fetus. (5.1, 8.1)"
Irbesartan,IRBESARTAN,Yes,"WARNING: FETAL TOXICITY WARNING: FETAL TOXICITY • When pregnancy is detected, discontinue irbesartan tablets as soon as possible [see Warnings and Precautions (5.1) and Use in Specific Populations (8.1) ]. • Drugs that act directly on the renin-angiotensin system can cause injury and death to the developing fetus [see Warnings and Precautions (5.1) ] and Use in Specific Populations (8.1) ]. WARNING: FETAL TOXICITY See full prescribing information for complete boxed warning. • When pregnancy is detected, discontinue irbesartan tablets as soon as possible. ( 5.1 , 8.1 ) • Drugs that act directly on the renin-angiotensin system can cause injury and death to the developing fetus. ( 5.1 , 8.1 )"
Sodium Bicarbonate,SODIUM BICARBONATE,No,No Boxed Warning
Glimepiride,GLIMEPIRIDE,No,No Boxed Warning
spironolactone,SPIRONOLACTONE,No,No Boxed Warning
AMLODIPINE BESYLATE,AMLODIPINE BESYLATE,No,No Boxed Warning
ATORVASTATIN CALCIUM,ATORVASTATIN CALCIUM,No,No Boxed Warning
Losartan Potassium,LOSARTAN POTASSIUM,Yes,"WARNING: FETAL TOXICITY When pregnancy is detected, discontinue losartan potassium as soon as possible. Drugs that act directly on the renin-angiotensin system can cause injury and death to the developing fetus [see Warnings and Precautions (5.1) ]. WARNING: FETAL TOXICITY See full prescribing information for complete boxed warning. When pregnancy is detected, discontinue losartan potassium as soon as possible. Drugs that act directly on the renin-angiotensin system can cause injury and death to the developing fetus. ( 5.1 )"
Amlodipine Besylate,AMLODIPINE BESYLATE,No,No Boxed Warning
Spironolactone and Hydrochlorothiazide,SPIRONOLACTONE AND HYDROCHLOROTHIAZIDE,No,No Boxed Warning
Amlodipine Besylate,AMLODIPINE BESYLATE,No,No Boxed Warning
METOPROLOL TARTRATE,METOPROLOL TARTRATE,No,No Boxed Warning
Losartan Potassium,LOSARTAN POTASSIUM,Yes,"WARNING: FETAL TOXICITY When pregnancy is detected, discontinue losartan Potassium tablets as soon as possible. Drugs that act directly on the renin-angiotensin system can cause injury and death to the developing fetus [see Warnings and Precautions (5.1)]. WARNING: FETAL TOXICITY See full prescribing information for complete boxed warning. When pregnancy is detected, discontinue losartan potassium tablets as soon as possible. Drugs that act directly on the renin-angiotensin system can cause injury and death to the developing fetus. ( 5.1 )"
Phentermine Hydrochloride,PHENTERMINE HYDROCHLORIDE,No,No Boxed Warning
Nebivolol,NEBIVOLOL,No,No Boxed Warning
Nifedipine,NIFEDIPINE,No,No Boxed Warning
SPIRONOLACTONE,SPIRONOLACTONE,No,No Boxed Warning
Glipizide,GLIPIZIDE,No,No Boxed Warning
Nateglinide,NATEGLINIDE,No,No Boxed Warning
METFORMIN HYDROCHLORIDE,METFORMIN HYDROCHLORIDE,Yes,"WARNING: LACTIC ACIDOSIS Postmarketing cases of metformin-associated lactic acidosis have resulted in death, hypothermia, hypotension, and resistant bradyarrhythmias. The onset of metformin associated lactic acidosis is often subtle, accompanied only by nonspecific symptoms such as malaise, myalgias, respiratory distress, somnolence, and abdominal pain. Metformin-associated lactic acidosis was characterized by elevated blood lactate levels (>5 mmol/Liter), anion gap acidosis (without evidence of ketonuria or ketonemia), an increased lactate/pyruvate ratio; and metformin plasma levels generally >5 mcg/mL [ see Warnings and Precautions (5.1) ]. Risk factors for metformin-associated lactic acidosis include renal impairment, concomitant use of certain drugs (e.g. carbonic anhydrase inhibitors such as topiramate), age 65 years old or greater, having a radiological study with contrast, surgery and other procedures, hypoxic states (e.g., acute congestive heart failure), excessive alcohol intake, and hepatic impairment. Steps to reduce the risk of and manage metformin-associated lactic acidosis in these high risk groups are provided [ see Dosage and Administration (2.3) , (2.7), Contraindications (4) , Warnings and Precautions (5.1) ]. If metformin-associated lactic acidosis is suspected, immediately discontinue metformin hydrochloride extended-release tablets and institute general supportive measures in a hospital setting. Prompt hemodialysis is recommended [ see Warnings and Precautions (5.1) ] WARNING: LACTIC ACIDOSIS See full prescribing information for complete boxed warning. Postmarketing cases of metformin-associated lactic acidosis have resulted in death, hypothermia, hypotension, and resistant bradyarrhythmias. Symptoms included malaise, myalgias, respiratory distress, somnolence, and abdominal pain. Laboratory abnormalities included elevated blood lactate levels, anion gap acidosis, increased lactate/pyruvate ratio; and metformin plasma levels generally >5 mcg/mL. ( 5.1 ) Risk factors include renal impairment, concomitant use of certain drugs, age >65 years old, radiological studies with contrast, surgery and other procedures, hypoxic states, excessive alcohol intake, and hepatic impairment. Steps to reduce the risk of and manage metformin-associated lactic acidosis in these high risk groups are provided in the Full Prescribing Information. ( 5.1 ) If lactic acidosis is suspected, discontinue metformin hydrochloride extended-release tablets and institute general supportive measures in a hospital setting. Prompt hemodialysis is recommended.( 5.1 )"
Zestoretic,LISINOPRIL AND HYDROCHLOROTHIAZIDE,Yes,"WARNING: FETAL TOXICITY See full prescribing information for complete boxed warning. When pregnancy is detected, discontinue ZESTORETIC as soon as possible. Drugs that act directly on the renin-angiotensin system can cause injury and death to the developing fetus. See Warnings: Fetal Toxicity."
Desmopressin Acetate,DESMOPRESSIN ACETATE,No,No Boxed Warning
Torsemide,TORSEMIDE,No,No Boxed Warning
Nebivolol,NEBIVOLOL,No,No Boxed Warning
Nadolol,NADOLOL,No,No Boxed Warning
Omega-3-acid ethyl esters,OMEGA-3-ACID ETHYL ESTERS,No,No Boxed Warning
Desmopressin Acetate,DESMOPRESSIN ACETATE,Yes,"WARNING: HYPONATREMIA Desmopressin acetate can cause hyponatremia. Severe hyponatremia can be life-threatening, leading to seizures, coma, respiratory arrest, or death [see Warnings and Precautions (5.1)] . Desmopressin acetate is contraindicated in patients at increased risk of severe hyponatremia, such as patients with excessive fluid intake, illnesses that can cause fluid or electrolyte imbalances, and in those using loop diuretics or systemic or inhaled glucocorticoids [see Contraindications (4) and Warnings and Precautions (5.1)] . Ensure the serum sodium concentration is normal before starting or resuming desmopressin acetate. Measure serum sodium within 7 days and approximately 1 month after initiating therapy, and periodically during treatment. More frequently monitor serum sodium in patients 65 years of age and older and in patients at increased risk of hyponatremia [see Dosage and Administration (2.1) and Warnings and Precautions (5.1)] . If hyponatremia occurs, desmopressin acetate may need to be temporarily or permanently discontinued [see Warnings and Precautions (5.1)] . WARNING: HYPONATREMIA See full prescribing information for complete boxed warning. Desmopressin acetate can cause hyponatremia, which may be life threatening if severe. ( 5.1 ) Desmopressin acetate is contraindicated in patients at increased risk of severe hyponatremia, such as patients with excessive fluid intake, illnesses that can cause fluid or electrolyte imbalances, and in those using loop diuretics or systemic or inhaled glucocorticoids. ( 4 , 5.1 ) Ensure serum sodium concentration is normal before starting or resuming desmopressin acetate injection. Measure serum sodium within 1 week and approximately 1 month after starting therapy and periodically during treatment. More frequently monitor serum sodium in patients 65 years of age and older and in patients at increased risk of hyponatremia. ( 2.1 , 5.1 ) If hyponatremia occurs, interrupt or discontinue desmopressin acetate injection. ( 5.1 )"
Doxazosin,DOXAZOSIN MESYLATE,No,No Boxed Warning
fenofibrate,FENOFIBRATE,No,No Boxed Warning
Amlodipine Besylate,AMLODIPINE BESYLATE,No,No Boxed Warning
Metoprolol Succinate,METOPROLOL SUCCINATE,No,No Boxed Warning
Glipizide,GLIPIZIDE,No,No Boxed Warning
Losartan Potassium and Hydrochlorothiazide,LOSARTAN POTASSIUM AND HYDROCHLOROTHIAZIDE,Yes,"WARNING: FETAL TOXICITY When pregnancy is detected, discontinue losartan potassium and hydrochlorothiazide as soon as possible. Drugs that act directly on the renin-angiotensin system can cause injury and death to the developing fetus [see Warnings and Precautions (5.1) ]. WARNING: FETAL TOXICITY See full prescribing information for complete boxed warning. When pregnancy is detected, discontinue losartan potassium and hydrochlorothiazide as soon as possible. Drugs that act directly on the renin-angiotensin system can cause injury and death to the developing fetus. ( 5.1 )"
Losartan Potassium,LOSARTAN POTASSIUM,Yes,"WARNING: FETAL TOXICITY When pregnancy is detected, discontinue losartan potassium tablets as soon as possible. Drugs that act directly on the renin-angiotensin system can cause injury and death to the developing fetus [see WARNINGS AND PRECAUTIONS ( 5.1 )]. WARNING: FETAL TOXICITY See full prescribing information for complete boxed warning. When pregnancy is detected, discontinue losartan potassium tablets as soon as possible. Drugs that act directly on the renin-angiotensin system can cause injury and death to the developing fetus. ( 5.1 )"
ATORVASTATIN CALCIUM,ATORVASTATIN CALCIUM,No,No Boxed Warning
Lovastatin,LOVASTATIN,No,No Boxed Warning
Fenofibrate,FENOFIBRATE,No,No Boxed Warning
Atorvastatin Calcium,ATORVASTATIN CALCIUM,No,No Boxed Warning
Prazosin Hydrochloride,PRAZOSIN HYDROCHLORIDE,No,No Boxed Warning
Lisinopril,LISINOPRIL,Yes,"WARNING: FETAL TOXICITY When pregnancy is detected, discontinue lisinopril as soon as possible [see Warnings and Precautions (5.1) ]. Drugs that act directly on the renin-angiotensin system can cause injury and death to the developing fetus [see Warnings and Precautions (5.1) ]. WARNING: FETAL TOXICITY See full prescribing information for complete boxed warning. When pregnancy is detected, discontinue lisinopril as soon as possible. (5.1) Drugs that act directly on the renin-angiotensin system can cause injury and death to the developing fetus. (5.1)"
METFORMIN HYDROCHLORIDE,METFORMIN HYDROCHLORIDE,Yes,"WARNING: LACTIC ACIDOSIS Postmarketing cases of metformin-associated lactic acidosis have resulted in death, hypothermia, hypotension, and resistant bradyarrhythmias. The onset of metformin-associated lactic acidosis is often subtle, accompanied only by nonspecific symptoms such as malaise, myalgias, respiratory distress, somnolence, and abdominal pain. Metformin-associated lactic acidosis was characterized by elevated blood lactate levels (>5 mmol/Liter), anion gap acidosis (without evidence of ketonuria or ketonemia), an increased lactate/pyruvate ratio; and metformin plasma levels generally >5 mcg/mL [see Warnings and Precautions (5.1) ]. Risk factors for metformin-associated lactic acidosis include renal impairment, concomitant use of certain drugs (e.g. carbonic anhydrase inhibitors such as topiramate), age 65 years old or greater, having a radiological study with contrast, surgery and other procedures, hypoxic states (e.g., acute congestive heart failure), excessive alcohol intake, and hepatic impairment. Steps to reduce the risk of and manage metformin-associated lactic acidosis in these high risk groups are provided [see Dosage and Administration (2.3), (2.7), Contraindications (4) , Warnings and Precautions (5.1) ]. If metformin-associated lactic acidosis is suspected, immediately discontinue metformin hydrochloride extended-release tablets and institute general supportive measures in a hospital setting. Prompt hemodialysis is recommended [see Warnings and Precautions (5.1) ]. WARNING: LACTIC ACIDOSIS See full prescribing information for complete boxed warning. Postmarketing cases of metformin-associated lactic acidosis have resulted in death, hypothermia, hypotension, and resistant bradyarrhythmias. Symptoms included malaise, myalgias, respiratory distress, somnolence, and abdominal pain. Laboratory abnormalities included elevated blood lactate levels, anion gap acidosis, increased lactate/pyruvate ratio; and metformin plasma levels generally >5 mcg/mL. (5.1) Risk factors include renal impairment, concomitant use of certain drugs, age >65 years old, radiological studies with contrast, surgery and other procedures, hypoxic states, excessive alcohol intake, and hepatic impairment. Steps to reduce the risk of and manage metformin­ associated lactic acidosis in these high risk groups are provided in the Full Prescribing Information. (5.1) If lactic acidosis is suspected, discontinue metformin hydrochloride extended-release tablets and institute general supportive measures in a hospital setting. Prompt hemodialysis is recommended. (5.1)"
Phentermine Hydrochloride,PHENTERMINE HYDROCHLORIDE,No,No Boxed Warning
Atorvastatin Calcium,ATORVASTATIN CALCIUM,No,No Boxed Warning
Glipizide,GLIPIZIDE,No,No Boxed Warning
METFORMIN HYDROCHLORIDE,METFORMIN HYDROCHLORIDE,Yes,"WARNING: LACTIC ACIDOSIS Postmarketing cases of metformin-associated lactic acidosis have resulted in death, hypothermia, hypotension, and resistant bradyarrhythmias. The onset of metformin-associated lactic acidosis is often subtle, accompanied only by nonspecific symptoms such as malaise, myalgias, respiratory distress, somnolence, and abdominal pain. Metformin-associated lactic acidosis was characterized by elevated blood lactate levels (>5 mmol/Liter), anion gap acidosis (without evidence of ketonuria or ketonemia), an increased lactate/pyruvate ratio, and metformin plasma levels generally >5 mcg/mL [see Warnings and Precautions ( 5.1 )] . Risk factors for metformin-associated lactic acidosis include renal impairment, concomitant use of certain drugs (e.g., carbonic anhydrase inhibitors such as topiramate), age 65 years old or greater, having a radiological study with contrast, surgery and other procedures, hypoxic states (e.g., acute congestive heart failure), excessive alcohol intake, and hepatic impairment. Steps to reduce the risk of and manage metformin-associated lactic acidosis in these high risk groups are provided in the full prescribing information [see Dosage and Administration ( 2.2 ), Contraindications ( 4 ), Warnings and Precautions ( 5.1 ), and Drug Interactions ( 7 )] . If metformin-associated lactic acidosis is suspected, immediately discontinue metformin hydrochloride extended-release tablets and institute general supportive measures in a hospital setting. Prompt hemodialysis is recommended [see Warnings and Precautions ( 5.1 )]. WARNING: LACTIC ACIDOSIS See full prescribing information for complete boxed warning. • Postmarketing cases of metformin-associated lactic acidosis have resulted in death, hypothermia, hypotension, and resistant bradyarrhythmias. Symptoms included malaise, myalgias, respiratory distress, somnolence, and abdominal pain. Laboratory abnormalities included elevated blood lactate levels, anion gap acidosis, increased lactate/pyruvate ratio; and metformin plasma levels generally >5 mcg/mL. ( 5.1 ) • Risk factors include renal impairment, concomitant use of certain drugs, age ≥65 years old, radiological studies with contrast, surgery and other procedures, hypoxic states, excessive alcohol intake, and hepatic impairment. Steps to reduce the risk of and manage metformin-associated lactic acidosis in these high risk groups are provided in the Full Prescribing Information. ( 5.1 ) • If lactic acidosis is suspected, discontinue metformin hydrochloride extended-release tablets and institute general supportive measures in a hospital setting. Prompt hemodialysis is recommended. ( 5.1 )"
Liraglutide,LIRAGLUTIDE,Yes,"WARNING: RISK OF THYROID C-CELL TUMORS Liraglutide causes dose-dependent and treatment-duration-dependent thyroid C-cell tumors at clinically relevant exposures in both genders of rats and mice. It is unknown whether liraglutide causes thyroid C-cell tumors, including medullary thyroid carcinoma (MTC), in humans, as the human relevance of liraglutide-induced rodent thyroid C-cell tumors has not been determined [see Warnings and Precautions ( 5.1 ), Nonclinical Toxicology ( 13.1 )] . Liraglutide is contraindicated in patients with a personal or family history of MTC and in patients with Multiple Endocrine Neoplasia syndrome type 2 (MEN 2). Counsel patients regarding the potential risk for MTC with the use of liraglutide and inform them of symptoms of thyroid tumors (e.g., a mass in the neck, dysphagia, dyspnea, persistent hoarseness). Routine monitoring of serum calcitonin or using thyroid ultrasound is of uncertain value for early detection of MTC in patients treated with liraglutide injection [see Contraindications ( 4 ), Warnings and Precautions ( 5.1 )] . WARNING: RISK OF THYROID C-CELL TUMORS See full prescribing information for complete boxed warning. Liraglutide causes thyroid C-cell tumors at clinically relevant exposures in both genders of rats and mice. It is unknown whether liraglutide causes thyroid C-cell tumors, including medullary thyroid carcinoma (MTC), in humans, as the human relevance of liraglutide-induced rodent thyroid C-cell tumors has not been determined ( 5.1 , 13.1 ). Liraglutide is contraindicated in patients with a personal or family history of MTC or in patients with Multiple Endocrine Neoplasia syndrome type 2 (MEN 2). Counsel patients regarding the potential risk of MTC and the symptoms of thyroid tumors ( 4 , 5.1 )."
Glipizide,GLIPIZIDE,No,No Boxed Warning
Losartan Potassium and Hydrochlorothiazide,LOSARTAN POTASSIUM AND HYDROCHLOROTHIAZIDE,Yes,"WARNING: FETAL TOXICITY When pregnancy is detected, discontinue losartan potassium and hydrochlorothiazide tablets as soon as possible. Drugs that act directly on the renin-angiotensin system can cause injury and death to the developing fetus [see WARNINGS AND PRECAUTIONS ( 5.1 )]. WARNING: FETAL TOXICITY See full prescribing information for complete boxed warning. When pregnancy is detected, discontinue losartan potassium and hydrochlorothiazide tablets as soon as possible. Drugs that act directly on the renin-angiotensin system can cause injury and death to the developing fetus. ( 5.1 )"
Colesevelam hydrochloride,COLESEVELAM HYDROCHLORIDE,No,No Boxed Warning
Metformin Hydrochloride,METFORMIN HYDROCHLORIDE,Yes,"WARNING: LACTIC ACIDOSIS Postmarketing cases of metformin-associated lactic acidosis have resulted in death, hypothermia, hypotension, and resistant bradyarrhythmias. The onset of metformin-associated lactic acidosis is often subtle, accompanied only by nonspecific symptoms such as malaise, myalgias, respiratory distress, somnolence, and abdominal pain. Metformin-associated lactic acidosis was characterized by elevated blood lactate levels (>5 mmol/Liter), anion gap acidosis (without evidence of ketonuria or ketonemia), an increased lactate/pyruvate ratio; and metformin plasma levels generally >5 mcg/mL [see Warnings and Precautions (5.1) ]. Risk factors for metformin-associated lactic acidosis include renal impairment, concomitant use of certain drugs (e.g. carbonic anhydrase inhibitors such as topiramate), age 65 years old or greater, having a radiological study with contrast, surgery and other procedures, hypoxic states (e.g., acute congestive heart failure), excessive alcohol intake, and hepatic impairment. Steps to reduce the risk of and manage metformin-associated lactic acidosis in these high risk groups are provided [see Dosage and Administration (2.3) , (2.7), Contraindications (4) , Warnings and Precautions (5.1) ]. If metformin-associated lactic acidosis is suspected, immediately discontinue metformin hydrochloride and institute general supportive measures in a hospital setting. Prompt hemodialysis is recommended [see Warnings and Precautions (5.1) ]. WARNING: LACTIC ACIDOSIS See full prescribing information for complete boxed warning. ● Postmarketing cases of metformin-associated lactic acidosis have resulted in death, hypothermia, hypotension, and resistant bradyarrhythmias. Symptoms included malaise, myalgias, respiratory distress, somnolence, and abdominal pain. Laboratory abnormalities included elevated blood lactate levels, anion gap acidosis, increased lactate/pyruvate ratio; and metformin plasma levels generally >5 mcg/mL. ( 5.1 ) ● Risk factors include renal impairment, concomitant use of certain drugs, age >65 years old, radiological studies with contrast, surgery and other procedures, hypoxic states, excessive alcohol intake, and hepatic impairment. Steps to reduce the risk of and manage metformin-associated lactic acidosis in these high risk groups are provided in the Full Prescribing Information. ( 5.1 ) ● If lactic acidosis is suspected, discontinue metformin hydrochloride and institute general supportive measures in a hospital setting. Prompt hemodialysis is recommended. ( 5.1 )"
CANDESARTAN CILEXETIL,CANDESARTAN CILEXETIL,Yes,"WARNING: FETAL TOXICITY • When pregnancy is detected, discontinue candesartan cilexetil tablets as soon as possible [see Warnings and Precautions (5.1) and Use in Specific Populations (8.1)]. • Drugs that act directly on the renin-angiotensin system can cause injury and death to the developing fetus [see Warnings and Precautions (5.1) and Use in Specific Populations (8.1)]. WARNING: FETAL TOXICITY See full prescribing information for complete boxed warning. • When pregnancy is detected, discontinue candesartan cilexetil tablets as soon as possible. (5.1, 8.1) • Drugs that act directly on the renin-angiotensin system can cause injury and death to the developing fetus. (5.1, 8.1)"
Irbesartan,IRBESARTAN,Yes,"BOXED WARNING WARNING: FETAL TOXICITY• When pregnancy is detected, discontinue irbesartan as soon as possible. • Drugs that act directly on the renin-angiotensin system can cause injury and death to the developing fetus [see Warnings and Precautions ( 5.1 )]. WARNING: FETAL TOXICITY See full prescribing information for complete boxed warning. • When pregnancy is detected, discontinue irbesartan as soon as possible. ( 5.1 ) • Drugs that act directly on the renin-angiotensin system can cause injury and death to the developing fetus. ( 5.1 )"
Losartan Potassium,LOSARTAN POTASSIUM,Yes,"WARNING: FETAL TOXICITY When pregnancy is detected, discontinue losartan Potassium tablets as soon as possible. Drugs that act directly on the renin-angiotensin system can cause injury and death to the developing fetus [see Warnings and Precautions (5.1)]. WARNING: FETAL TOXICITY See full prescribing information for complete boxed warning. When pregnancy is detected, discontinue losartan potassium tablets as soon as possible. Drugs that act directly on the renin-angiotensin system can cause injury and death to the developing fetus. ( 5.1 )"
Atenolol,ATENOLOL,No,No Boxed Warning
Fenofibrate,FENOFIBRATE,No,No Boxed Warning
Synjardy,EMPAGLIFLOZIN AND METFORMIN HYDROCHLORIDE,Yes,"WARNING: LACTIC ACIDOSIS Postmarketing cases of metformin-associated lactic acidosis have resulted in death, hypothermia, hypotension, and resistant bradyarrhythmias. The onset of metformin-associated lactic acidosis is often subtle, accompanied only by nonspecific symptoms such as malaise, myalgias, respiratory distress, somnolence, and abdominal pain. Metformin-associated lactic acidosis was characterized by elevated blood lactate levels (>5 mmol/Liter), anion gap acidosis (without evidence of ketonuria or ketonemia), an increased lactate/pyruvate ratio; and metformin plasma levels generally >5 mcg/mL [see Warnings and Precautions (5.1) ] . Risk factors for metformin-associated lactic acidosis include renal impairment, concomitant use of certain drugs (e.g., carbonic anhydrase inhibitors such as topiramate), age 65 years old or greater, having a radiological study with contrast, surgery and other procedures, hypoxic states (e.g., acute congestive heart failure), excessive alcohol intake, and hepatic impairment. Steps to reduce the risk of and manage metformin-associated lactic acidosis in these high risk groups are provided in the full prescribing information [see Dosage and Administration (2.1) , Contraindications (4) , Warnings and Precautions (5.1) , Drug Interactions (7) , and Use in Specific Populations (8.6 , 8.7) ]. If metformin-associated lactic acidosis is suspected, immediately discontinue SYNJARDY or SYNJARDY XR and institute general supportive measures in a hospital setting. Prompt hemodialysis is recommended [see Warnings and Precautions (5.1) ]. WARNING: LACTIC ACIDOSIS See full prescribing information for complete boxed warning. Postmarketing cases of metformin-associated lactic acidosis have resulted in death, hypothermia, hypotension, and resistant bradyarrhythmias. Symptoms included malaise, myalgias, respiratory distress, somnolence, and abdominal pain. Laboratory abnormalities included elevated blood lactate levels, anion gap acidosis, increased lactate/pyruvate ratio; and metformin plasma levels generally >5 mcg/mL. ( 5.1 ) Risk factors include renal impairment, concomitant use of certain drugs, age ≥65 years old, radiological studies with contrast, surgery and other procedures, hypoxic states, excessive alcohol intake, and hepatic impairment. Steps to reduce the risk of and manage metformin-associated lactic acidosis in these high risk groups are provided in the Full Prescribing Information. ( 5.1 ) If lactic acidosis is suspected, discontinue SYNJARDY or SYNJARDY XR and institute general supportive measures in a hospital setting. Prompt hemodialysis is recommended. ( 5.1 )"
Aldactone,SPIRONOLACTONE,No,No Boxed Warning
Metformin Hydrochloride,METFORMIN HYDROCHLORIDE,Yes,"WARNING: LACTIC ACIDOSIS Postmarketing cases of metformin-associated lactic acidosis have resulted in death, hypothermia, hypotension, and resistant bradyarrhythmias. The onset of metformin- associated lactic acidosis is often subtle, accompanied only by nonspecific symptoms such as malaise, myalgias, respiratory distress, somnolence, and abdominal pain. Metformin- associated lactic acidosis was characterized by elevated blood lactate levels (>5 mmol/Liter), anion gap acidosis (without evidence of ketonuria or ketonemia), an increased lactate/pyruvate ratio; and metformin plasma levels generally >5 mcg/mL [see Warnings and Precautions ( 5.1 ) ]. Risk factors for metformin-associated lactic acidosis include renal impairment, concomitant use of certain drugs (e.g. carbonic anhydrase inhibitors such as topiramate), age 65 years old or greater, having a radiological study with contrast, surgery and other procedures, hypoxic states (e.g., acute congestive heart failure), excessive alcohol intake, and hepatic impairment. Steps to reduce the risk of and manage metformin-associated lactic acidosis in these high risk groups are provided [see Dosage and Administration ( 2.3 ), (2.7), Contraindications (4), Warnings and Precautions ( 5.1 ) ]. If metformin-associated lactic acidosis is suspected, immediately discontinue metformin hydrochloride tablets or metformin hydrochloride extended-release tablets and institute general supportive measures in a hospital setting. Prompt hemodialysis is recommended [see Warnings and Precautions ( 5.1 ) ]. WARNING: LACTIC ACIDOSIS See full prescribing information for complete boxed warning. • Postmarketing cases of metformin-associated lactic acidosis have resulted in death, hypothermia, hypotension, and resistant bradyarrhythmias. Symptoms included malaise, myalgias, respiratory distress, somnolence, and abdominal pain. Laboratory abnormalities included elevated blood lactate levels, anion gap acidosis, increased lactate/pyruvate ratio; and metformin plasma levels generally >5 mcg/mL. ( 5.1 ) • Risk factors include renal impairment, concomitant use of certain drugs, age >65 years old, radiological studies with contrast, surgery and other procedures, hypoxic states, excessive alcohol intake, and hepatic impairment. Steps to reduce the risk of and manage metformin-associated lactic acidosis in these high risk groups are provided in the Full Prescribing Information. ( 5.1 ) • If lactic acidosis is suspected, discontinue metformin hydrochloride tablets and metformin hydrochloride extended-release tablets and institute general supportive measures in a hospital setting. Prompt hemodialysis is recommended. ( 5.1 )"
Valsartan,VALSARTAN,Yes,"BOXED WARNING WARNING: FETAL TOXICITY • When pregnancy is detected, discontinue valsartan tablets as soon as possible. ( 5.1 ) • Drugs that act directly on the renin-angiotensin system can cause injury and death to the developing fetus. ( 5.1 ) WARNING: FETAL TOXICITY See full prescribing information for complete boxed warning. • When pregnancy is detected, discontinue valsartan tablets as soon as possible. ( 5.1 ) • Drugs that act directly on the renin-angiotensin system can cause injury and death to the developing fetus. ( 5.1 )"
Glipizide,GLIPIZIDE,No,No Boxed Warning
METFORMIN HYDROCHLORIDE,METFORMIN HYDROCHLORIDE,Yes,"WARNING: LACTIC ACIDOSIS Postmarketing cases of metformin-associated lactic acidosis have resulted in death, hypothermia, hypotension, and resistant bradyarrhythmias. The onset of metformin-associated lactic acidosis is often subtle, accompanied only by nonspecific symptoms such as malaise, myalgias, respiratory distress, somnolence, and abdominal pain. Metformin-associated lactic acidosis was characterized by elevated blood lactate levels (>5 mmol/Liter), anion gap acidosis (without evidence of ketonuria or ketonemia), an increased lactate/pyruvate ratio, and metformin plasma levels generally >5 mcg/mL [see Warnings and Precautions ( 5.1 )]. Risk factors for metformin-associated lactic acidosis include renal impairment, concomitant use of certain drugs (e.g., carbonic anhydrase inhibitors such as topiramate), age 65 years old or greater, having a radiological study with contrast, surgery and other procedures, hypoxic states (e.g., acute congestive heart failure), excessive alcohol intake, and hepatic impairment. Steps to reduce the risk of and manage metformin-associated lactic acidosis in these high risk groups are provided in the full prescribing information [see Dosage and Administration ( 2.2 ), Contraindications ( 4 ), Warnings and Precautions ( 5.1 ), and Drug Interactions ( 7 )]. If metformin-associated lactic acidosis is suspected, immediately discontinue metformin hydrochloride extended-release tablets and institute general supportive measures in a hospital setting. Prompt hemodialysis is recommended [see Warnings and Precautions ( 5.1 )]. WARNING: LACTIC ACIDOSIS See full prescribing information for complete boxed warning. • Postmarketing cases of metformin-associated lactic acidosis have resulted in death, hypothermia, hypotension, and resistant bradyarrhythmias. Symptoms included malaise, myalgias, respiratory distress, somnolence, and abdominal pain. Laboratory abnormalities included elevated blood lactate levels, anion gap acidosis, increased lactate/pyruvate ratio; and metformin plasma levels generally >5 mcg/mL. ( 5.1 ) • Risk factors include renal impairment, concomitant use of certain drugs, age ≥65 years old, radiological studies with contrast, surgery and other procedures, hypoxic states, excessive alcohol intake, and hepatic impairment. Steps to reduce the risk of and manage metformin-associated lactic acidosis in these high risk groups are provided in the Full Prescribing Information. ( 5.1 ) • If lactic acidosis is suspected, discontinue metformin hydrochloride extended-release tablets and institute general supportive measures in a hospital setting. Prompt hemodialysis is recommended. ( 5.1 )"
Glimepiride,GLIMEPIRIDE,No,No Boxed Warning
METFORMIN HYDROCHLORIDE,METFORMIN HYDROCHLORIDE,Yes,"WARNING: LACTIC ACIDOSIS Postmarketing cases of metformin-associated lactic acidosis have resulted in death, hypothermia, hypotension, and resistant bradyarrhythmias. The onset of metformin-associated lactic acidosis is often subtle, accompanied only by nonspecific symptoms such as malaise, myalgias, respiratory distress, somnolence, and abdominal pain. Metformin-associated lactic acidosis was characterized by elevated blood lactate levels (>5 mmol/Liter), anion gap acidosis (without evidence of ketonuria or ketonemia), an increased lactate/pyruvate ratio; and metformin plasma levels generally >5 mcg/mL [see Warnings and Precautions (5.1) ]. Risk factors for metformin-associated lactic acidosis include renal impairment, concomitant use of certain drugs (e.g. carbonic anhydrase inhibitors such as topiramate), age 65 years old or greater, having a radiological study with contrast, surgery and other procedures, hypoxic states (e.g., acute congestive heart failure), excessive alcohol intake, and hepatic impairment. Steps to reduce the risk of and manage metformin-associated lactic acidosis in these high risk groups are provided [see Dosage and Administration (2.3), (2.7), Contraindications (4) , Warnings and Precautions (5.1) ]. If metformin-associated lactic acidosis is suspected, immediately discontinue metformin hydrochloride extended-release tablets and institute general supportive measures in a hospital setting. Prompt hemodialysis is recommended [see Warnings and Precautions (5.1) ]. See full prescribing information for complete boxed warning. • Postmarketing cases of metformin-associated lactic acidosis have resulted in death, hypothermia, hypotension, and resistant bradyarrhythmias. Symptoms included malaise, myalgias, respiratory distress, somnolence, and abdominal pain. Laboratory abnormalities included elevated blood lactate levels, anion gap acidosis, increased lactate/pyruvate ratio; and metformin plasma levels generally >5 mcg/mL. (5.1) • Risk factors include renal impairment, concomitant use of certain drugs, age >65 years old, radiological studies with contrast, surgery and other procedures, hypoxic states, excessive alcohol intake, and hepatic impairment. Steps to reduce the risk of and manage metformin‑ associated lactic acidosis in these high risk groups are provided in the Full Prescribing Information. (5.1) • If lactic acidosis is suspected, discontinue metformin hydrochloride extended-release tablets and institute general supportive measures in a hospital setting. Prompt hemodialysis is recommended. (5.1)"
Atorvastatin Calcium,ATORVASTATIN CALCIUM,No,No Boxed Warning
Desmopressin Acetate,DESMOPRESSIN ACETATE,Yes,"WARNING: HYPONATREMIA Desmopressin acetate can cause hyponatremia. Severe hyponatremia can be life-threatening, leading to seizures, coma, respiratory arrest, or death [see Warnings and Precautions ( 5.1 )] . Desmopressin acetate is contraindicated in patients at increased risk of severe hyponatremia, such as patients with excessive fluid intake, illnesses that can cause fluid or electrolyte imbalances, and in those using loop diuretics or systemic or inhaled glucocorticoids [see Contraindications ( 4 ) and Warnings and Precautions ( 5.1 )] . Ensure the serum sodium concentration is normal before starting or resuming desmopressin acetate. Measure serum sodium within 7 days and approximately 1 month after initiating therapy, and periodically during treatment. More frequently monitor serum sodium in patients 65 years of age and older and in patients at increased risk of hyponatremia [see Dosage and Administration ( 2.1 ) and Warnings and Precautions ( 5.1 )] . If hyponatremia occurs, desmopressin acetate may need to be temporarily or permanently discontinued [see Warnings and Precautions ( 5.1 )] . WARNING: HYPONATREMIA See full prescribing information for complete boxed warning. Desmopressin acetate can cause hyponatremia, which may be life-threatening if severe. ( 5.1 ) Desmopressin acetate is contraindicated in patients at increased risk of severe hyponatremia, such as patients with excessive fluid intake, illnesses that can cause fluid or electrolyte imbalances, and in those using loop diuretics or systemic or inhaled glucocorticoids. ( 4 , 5.1 ) Ensure serum sodium concentration is normal before starting or resuming desmopressin acetate. Measure serum sodium within 1 week and approximately 1 month after starting therapy and periodically during treatment. More frequently monitor serum sodium in patients 65 years of age and older and in patients at increased risk of hyponatremia. ( 2.1 , 5.1 ) If hyponatremia occurs, interrupt or discontinue desmopressin acetate injection. ( 5.1 )"
Edarbyclor,AZILSARTAN KAMEDOXOMIL AND CHLORTHALIDONE,Yes,"WARNING: FETAL TOXICITY When pregnancy is detected, discontinue Edarbyclor as soon as possible [see Warnings and Precautions (5.1) and Use in Specific Populations (8.1) ]. Drugs that act directly on the renin-angiotensin system can cause injury and death to the developing fetus [see Warnings and Precautions (5.1) and Use in Specific Populations (8.1) ]. WARNING: FETAL TOXICITY See full prescribing information for complete boxed warning. When pregnancy is detected, discontinue EDARBYCLOR as soon as possible ( 5.1 , 8.1 ) Drugs that act directly on the renin-angiotensin system can cause injury and death to the developing fetus ( 5.1 , 8.1 )"
METOPROLOL TARTRATE,METOPROLOL,No,No Boxed Warning
ATORVASTATIN CALCIUM,ATORVASTATIN CALCIUM,No,No Boxed Warning
AMLODIPINE BESYLATE 2.5 mg,AMLODIPINE BESYLATE,No,No Boxed Warning
metoprolol succinate,METOPROLOL SUCCINATE,No,No Boxed Warning
Glimepiride,GLIMEPIRIDE,No,No Boxed Warning
SPIRONOLACTONE,SPIRONOLACTONE,No,No Boxed Warning
Desmopressin Acetate,DESMOPRESSIN ACETATE,Yes,"WARNING: HYPONATREMIA Desmopressin acetate can cause hyponatremia. Severe hyponatremia can be life-threatening, leading to seizures, coma, respiratory arrest, or death [see Warnings and Precautions (5.1) ]. Desmopressin acetate is contraindicated in patients at increased risk of severe hyponatremia, such as patients with excessive fluid intake, illnesses that can cause fluid or electrolyte imbalances, and in those using loop diuretics or systemic or inhaled glucocorticoids [see Contraindications (4) and Warnings and Precautions (5.1) ]. Ensure the serum sodium concentration is normal before starting or resuming desmopressin acetate. Measure serum sodium within 7 days and approximately 1 month after initiating therapy, and periodically during treatment. More frequently monitor serum sodium in patients 65 years of age and older and in patients at increased risk of hyponatremia [see Dosage and Administration (2.1) and Warnings and Precautions (5.1) ]. If hyponatremia occurs, desmopressin acetate may need to be temporarily or permanently discontinued [see Warnings and Precautions (5.1) ]. WARNING: HYPONATREMIA See full prescribing information for complete boxed warning. Desmopressin acetate can cause hyponatremia, which may be life-threatening if severe. ( 5.1 ) Desmopressin acetate is contraindicated in patients at increased risk of severe hyponatremia, such as patients with excessive fluid intake, illnesses that can cause fluid or electrolyte imbalances, and in those using loop diuretics or systemic or inhaled glucocorticoids. ( 4 , 5.1 ) Ensure serum sodium concentration is normal before starting or resuming desmopressin acetate. Measure serum sodium within 1 week and approximately 1 month after starting therapy and periodically during treatment. More frequently monitor serum sodium in patients 65 years of age and older and in patients at increased risk of hyponatremia. ( 2.1 , 5.1 ) If hyponatremia occurs, interrupt or discontinue desmopressin acetate. ( 5.1 )"
ATORVASTATIN CALCIUM,ATORVASTATIN CALCIUM,No,No Boxed Warning
Atorvastatin calcium,ATORVASTATIN CALCIUM,No,No Boxed Warning
Metoprolol Tartrate,METOPROLOL TARTRATE,No,No Boxed Warning
Metoprolol succinate,METOPROLOL SUCCINATE,No,No Boxed Warning
Phentermine Hydrochloride,PHENTERMINE HYDROCHLORIDE,No,No Boxed Warning
Fenofibrate,FENOFIBRATE,No,No Boxed Warning
Glipizide,GLIPIZIDE,No,No Boxed Warning
METFORMIN HYDROCHLORIDE,METFORMIN HYDROCHLORIDE,Yes,"WARNING: LACTIC ACIDOSIS Postmarketing cases of metformin-associated lactic acidosis have resulted in death, hypothermia, hypotension, and resistant bradyarrhythmias. The onset of metformin­ associated lactic acidosis is often subtle, accompanied only by nonspecific symptoms such as malaise, myalgias, respiratory distress, somnolence, and abdominal pain. Metformin­ associated lactic acidosis was characterized by elevated blood lactate levels (>5 mmol/Liter), anion gap acidosis (without evidence of ketonuria or ketonemia), an increased lactate/pyruvate ratio; and metformin plasma levels generally >5 mcg/mL [ see Warnings and Precautions ( 5.1 ) ]. Risk factors for metformin-associated lactic acidosis include renal impairment, concomitant use of certain drugs (e.g. carbonic anhydrase inhibitors such as topiramate), age 65 years old or greater, having a radiological study with contrast, surgery and other procedures, hypoxic states (e.g., acute congestive heart failure), excessive alcohol intake, and hepatic impairment. Steps to reduce the risk of and manage metformin-associated lactic acidosis in these high risk groups are provided [ see Dosage and Administration ( 2.3 ), (2.7), Contraindications ( 4 ), Warnings and Precautions ( 5.1 ) ]. If metformin-associated lactic acidosis is suspected, immediately discontinue metformin hydrochloride tablets and institute general supportive measures in a hospital setting. Prompt hemodialysis is recommended [ see Warnings and Precautions ( 5.1 ) ]. WARNING: LACTIC ACIDOSIS See full prescribing information for complete boxed warning. Postmarketing cases of metformin-associated lactic acidosis have resulted in death, hypothermia, hypotension, and resistant bradyarrhythmias. Symptoms included malaise, myalgias, respiratory distress, somnolence, and abdominal pain. Laboratory abnormalities included elevated blood lactate levels, anion gap acidosis, increased lactate/pyruvate ratio; and metformin plasma levels generally >5 mcg/mL. ( 5.1 ) Risk factors include renal impairment, concomitant use of certain drugs, age >65 years old, radiological studies with contrast, surgery and other procedures, hypoxic states, excessive alcohol intake, and hepatic impairment. Steps to reduce the risk of and manage metformin­-associated lactic acidosis in these high risk groups are provided in the Full Prescribing Information. ( 5.1 ) If lactic acidosis is suspected, discontinue metformin hydrochloride tablets and institute general supportive measures in a hospital setting. Prompt hemodialysis is recommended. ( 5.1 )"
LISINOPRIL,LISINOPRIL,Yes,"WARNING: FETAL TOXICITY • When pregnancy is detected, discontinue lisinopril as soon as possible [see Warnings and Precautions (5.1) ]. • Drugs that act directly on the renin-angiotensin system can cause injury and death to the developing fetus [see Warnings and Precautions (5.1) ]. WARNING: FETAL TOXICITY See full prescribing information for complete boxed warning. • When pregnancy is detected, discontinue lisinopril as soon as possible. (5.1) • Drugs that act directly on the renin-angiotensin system can cause injury and death to the developing fetus. (5.1)"
Glimepiride,GLIMEPIRIDE,No,No Boxed Warning
SPIRONOLACTONE,SPIRONOLACTONE,No,No Boxed Warning
Metformin Hydrochloride,METFORMIN HYDROCHLORIDE,Yes,"BOXED WARNING WARNING: LACTIC ACIDOSIS Postmarketing cases of metformin-associated lactic acidosis have resulted in death, hypothermia, hypotension, and resistant bradyarrhythmias. The onset of metformin associated lactic acidosis is often subtle, accompanied only by nonspecific symptoms such as malaise, myalgias, respiratory distress, somnolence, and abdominal pain. Metformin associated lactic acidosis was characterized by elevated blood lactate levels (>5 mmol/Liter), anion gap acidosis (without evidence of ketonuria or ketonemia), an increased lactate/pyruvate ratio; and metformin plasma levels generally >5 mcg/mL [see Warnings and Precautions ( 5.1 ) ]. Risk factors for metformin-associated lactic acidosis include renal impairment, concomitant use of certain drugs (e.g. carbonic anhydrase inhibitors such as topiramate), age 65 years old or greater, having a radiological study with contrast, surgery and other procedures, hypoxic states (e.g., acute congestive heart failure), excessive alcohol intake, and hepatic impairment. Steps to reduce the risk of and manage metformin-associated lactic acidosis in these high risk groups are provided [see Dosage and Administration ( 2.3 ), Contraindications ( 4 ), Warnings and Precautions ( 5.1 ) ]. If metformin-associated lactic acidosis is suspected, immediately discontinue metformin hydrochloride extended-release tablets and institute general supportive measures in a hospital setting. Prompt hemodialysis is recommended [see Warnings and Precautions ( 5.1 ) ]. WARNING: LACTIC ACIDOSIS See full prescribing information for complete boxed warning. Postmarketing cases of metformin-associated lactic acidosis have resulted in death, hypothermia, hypotension, and resistant bradyarrhythmias. Symptoms included malaise, myalgias, respiratory distress, somnolence, and abdominal pain. Laboratory abnormalities included elevated blood lactate levels, anion gap acidosis, increased lactate/pyruvate ratio; and metformin plasma levels generally >5 mcg/mL. ( 5.1 ) Risk factors include renal impairment, concomitant use of certain drugs, age >65 years old, radiological studies with contrast, surgery and other procedures, hypoxic states, excessive alcohol intake, and hepatic impairment. Steps to reduce the risk of and manage metformin associated lactic acidosis in these high risk groups are provided in the Full Prescribing Information. ( 5.1 ) If lactic acidosis is suspected, discontinue metformin hydrochloride extended-release tablets and institute general supportive measures in a hospital setting. Prompt hemodialysis is recommended. ( 5.1 )"
Omega-3-Acid Ethyl Esters,OMEGA-3-ACID ETHYL ESTERS,No,No Boxed Warning
METFORMIN HYDROCHLORIDE,METFORMIN HYDROCHLORIDE,Yes,"WARNING: LACTIC ACIDOSIS WARNING: LACTIC ACIDOSIS See full prescribing information for complete boxed warning Postmarketing cases of metformin-associated lactic acidosis have resulted in death, hypothermia, hypotension, and resistant bradyarrhythmias. Symptoms included malaise, myalgias, respiratory distress, somnolence, and abdominal pain. Laboratory abnormalities included elevated blood lactate levels, anion gap acidosis, increased lactate/pyruvate ratio; and metformin plasma levels generally >5 mcg/mL. ( 5.1 ) Risk factors include renal impairment, concomitant use of certain drugs, age ≥ 65 years old, radiological studies with contrast, surgery and other procedures, hypoxic states, excessive alcohol intake, and hepatic impairment. Steps to reduce the risk of and manage metformin-associated lactic acidosis in these high risk groups are provided in the Full Prescribing Information. ( 5.1 ) If lactic acidosis is suspected, discontinue metformin hydrochloride extended-release tablet and institute general supportive measures in a hospital setting. Prompt hemodialysis is recommended. ( 5.1 ) Postmarketing cases of metformin-associated lactic acidosis have resulted in death, hypothermia, hypotension, and resistant bradyarrhythmias. The onset of metformin-associated lactic acidosis is often subtle, accompanied only by nonspecific symptoms such as malaise, myalgias, respiratory distress, somnolence, and abdominal pain. Metformin-associated lactic acidosis was characterized by elevated blood lactate levels (> 5 mmol/Liter), anion gap acidosis (without evidence of ketonuria or ketonemia), an increased lactate/pyruvate ratio, and metformin plasma levels generally >5 mcg/mL [ see WARNINGS AND PRECAUTIONS ( 5.1 ) ]. Risk factors for metformin-associated lactic acidosis include renal impairment, concomitant use of certain drugs (e.g., carbonic anhydrase inhibitors such as topiramate), age 65 years old or greater, having a radiological study with contrast, surgery and other procedures, hypoxic states (e.g., acute congestive heart failure), excessive alcohol intake, and hepatic impairment. Steps to reduce the risk of and manage metformin-associated lactic acidosis in these high risk groups are provided in the full prescribing information [ see DOSAGE AND ADMINISTRATION ( 2.2 ) , CONTRAINDICATIONS ( 4 ), WARNINGS AND PRECAUTIONS ( 5.1 ), and DRUG INTERACTIONS ( 7 )]. If metformin-associated lactic acidosis is suspected, immediately discontinue metformin hydrochloride extended-release tablet and institute general supportive measures in a hospital setting. Prompt hemodialysis is recommended [see WARNINGS AND PRECAUTIONS ( 5.1 )] ."
simvastatin,SIMVASTATIN,No,No Boxed Warning
SPIRONOLACTONE,SPIRONOLACTONE,No,No Boxed Warning
Ticagrelor,TICAGRELOR,Yes,"WARNING: BLEEDING RISK • Ticagrelor, like other antiplatelet agents, can cause significant, sometimes fatal bleeding ( 5.1 , 6.1 ). • Do not use ticagrelor tablets in patients with active pathological bleeding or a history of intracranial hemorrhage (4.1 , 4.2 ). •Do not start ticagrelor tablets in patients undergoing urgent coronary artery bypass graft surgery (CABG) ( 5.1 , 6.1 ). • If possible, manage bleeding without discontinuing ticagrelor tablets. Stopping ticagrelor tablets increases the risk of subsequent cardiovascular events ( 5.2 ). WARNING: BLEEDING RISK See full prescribing information for complete boxed warning. • Ticagrelor, like other antiplatelet agents, can cause significant, sometimes fatal bleeding. ( 5.1 , 6.1 ) • Do not use ticagrelor tablets in patients with active pathological bleeding or a history of intracranial hemorrhage. ( 4.1 , 4.2 ) • Do not start ticagrelor tablets in patients undergoing urgent coronary artery bypass graft surgery(CABG). ( 5.1 , 6.1 ) • If possible, manage bleeding without discontinuing ticagrelor tablets. Stopping ticagrelor tablets increases the risk of subsequent cardiovascular events. ( 5.2 )"
Metoprolol Succinate,METOPROLOL SUCCINATE ER TABLETS,No,No Boxed Warning
Atorvastatin Calcium,ATORVASTATIN CALCIUM,No,No Boxed Warning
Fenofibrate,FENOFIBRATE,No,No Boxed Warning
Phentermine Hydrochloride,PHENTERMINE HYDROCHLORIDE,No,No Boxed Warning
NEBIVOLOL,NEBIVOLOL,No,No Boxed Warning
ATORVASTATIN CALCIUM,ATORVASTATIN CALCIUM,No,No Boxed Warning
Atorvastatin Calcium,ATORVASTATIN CALCIUM,No,No Boxed Warning
Felopdipine,FELODIPINE,No,No Boxed Warning
Phentermine hydrochloride,PHENTERMINE HYDROCHLORIDE,No,No Boxed Warning
Cholestyramine,CHOLESTYRAMINE,No,No Boxed Warning
METFORMIN HYDROCHLORIDE,METFORMIN HYDROCHLORIDE,Yes,"WARNING: LACTIC ACIDOSIS Postmarketing cases of metformin-associated lactic acidosis have resulted in death, hypothermia, hypotension, and resistant bradyarrhythmias. The onset of metformin-associated lactic acidosis is often subtle, accompanied only by nonspecific symptoms such as malaise, myalgias, respiratory distress, somnolence, and abdominal pain. Metformin-associated lactic acidosis was characterized by elevated blood lactate levels (>5 mmol/Liter), anion gap acidosis (without evidence of ketonuria or ketonemia), an increased lactate/pyruvate ratio, and metformin plasma levels generally >5 mcg/mL [see Warnings and Precautions (5.1) ] . Risk factors for metformin-associated lactic acidosis include renal impairment, concomitant use of certain drugs (e.g., carbonic anhydrase inhibitors such as topiramate), age 65 years old or greater, having a radiological study with contrast, surgery and other procedures, hypoxic states (e.g., acute congestive heart failure), excessive alcohol intake, and hepatic impairment. Steps to reduce the risk of and manage metformin-associated lactic acidosis in these high risk groups are provided in the full prescribing information [see Dosage and Administration (2.2) , Contraindications (4) , Warnings and Precautions (5.1) , and Drug Interactions (7) ]. If metformin-associated lactic acidosis is suspected, immediately discontinue metformin hydrochloride extended-release tablets and institute general supportive measures in a hospital setting. Prompt hemodialysis is recommended [see Warnings and Precautions (5.1) ]. See full prescribing information for complete boxed warning. Postmarketing cases of metformin-associated lactic acidosis have resulted in death, hypothermia, hypotension, and resistant bradyarrhythmias. Symptoms included malaise, myalgias, respiratory distress, somnolence, and abdominal pain. Laboratory abnormalities included elevated blood lactate levels, anion gap acidosis, increased lactate/pyruvate ratio; and metformin plasma levels generally >5 mcg/mL. ( 5.1 ) Risk factors include renal impairment, concomitant use of certain drugs, age ≥ 65 years old, radiological studies with contrast, surgery and other procedures, hypoxic states, excessive alcohol intake, and hepatic impairment. Steps to reduce the risk of and manage metformin-associated lactic acidosis in these high risk groups are provided in the Full Prescribing Information. ( 5.1 ) If lactic acidosis is suspected, discontinue metformin hydrochloride extended-release tablets and institute general supportive measures in a hospital setting. Prompt hemodialysis is recommended. ( 5.1 )"
LISINOPRIL,LISINOPRIL,Yes,"WARNING: FETAL TOXICITY When pregnancy is detected, discontinue lisinopril as soon as possible [see Warnings and Precautions (5.1) ]. Drugs that act directly on the renin-angiotensin system can cause injury and death to the developing fetus [see Warnings and Precautions (5.1) ]. WARNING: FETAL TOXICITY See full prescribing information for complete boxed warning. When pregnancy is detected, discontinue lisinopril as soon as possible. (5.1) Drugs that act directly on the renin-angiotensin system can cause injury and death to the developing fetus. (5.1)"
Antara,FENOFIBRATE,No,No Boxed Warning
ADMELOG,INSULIN LISPRO,No,No Boxed Warning
Prazosin HCL,PRAZOSIN HCL,No,No Boxed Warning
Valsartan,VALSARTAN,Yes,"WARNING: FETAL TOXICITY When pregnancy is detected, discontinue Valsartan Oral Solution as soon as possible. (5.1) Drugs that act directly on the renin-angiotensin system can cause injury and death to the developing fetus. (5.1) WARNING: FETAL TOXICITY See full prescribing information for complete boxed warning. When pregnancy is detected, discontinue Valsartan Oral Solution as soon as possible. (5.1) Drugs that act directly on the renin-angiotensin system can cause injury and death to the developing fetus. (5.1)"
Desmopressin Acetate,DESMOPRESSIN ACETATE,Yes,"WARNING: HYPONATREMIA Desmopressin acetate can cause hyponatremia. Severe hyponatremia can be life-threatening, leading to seizures, coma, respiratory arrest, or death [see Warnings and Precautions (5.1) ]. Desmopressin acetate is contraindicated in patients at increased risk of severe hyponatremia, such as patients with excessive fluid intake, illnesses that can cause fluid or electrolyte imbalances, and in those using loop diuretics or systemic or inhaled glucocorticoids [see Contraindications (4) and Warnings and Precautions (5.1) ]. Ensure the serum sodium concentration is normal before starting or resuming desmopressin acetate. Measure serum sodium within 7 days and approximately 1 month after initiating therapy, and periodically during treatment. More frequently monitor serum sodium in patients 65 years of age and older and in patients at increased risk of hyponatremia [see Dosage and Administration (2.1) and Warnings and Precautions (5.1) ]. If hyponatremia occurs, desmopressin acetate may need to be temporarily or permanently discontinued [see Warnings and Precautions (5.1) ]. WARNING: HYPONATREMIA See full prescribing information for complete boxed warning. Desmopressin acetate can cause hyponatremia, which may be life-threatening if severe. ( 5.1 ) Desmopressin acetate is contraindicated in patients at increased risk of severe hyponatremia, such as patients with excessive fluid intake, illnesses that can cause fluid or electrolyte imbalances, and in those using loop diuretics or systemic or inhaled glucocorticoids. ( 4 , 5.1 ) Ensure serum sodium concentration is normal before starting or resuming desmopressin acetate. Measure serum sodium within 1 week and approximately 1 month after starting therapy and periodically during treatment. More frequently monitor serum sodium in patients 65 years of age and older and in patients at increased risk of hyponatremia. ( 2.1 , 5.1 ) If hyponatremia occurs, interrupt or discontinue desmopressin acetate. ( 5.1 )"
Metformin Hydrochloride,METFORMIN HYDROCHLORIDE,Yes,"WARNING: LACTIC ACIDOSIS Postmarketing cases of metformin-associated lactic acidosis have resulted in death, hypothermia, hypotension, and resistant bradyarrhythmias. The onset of metformin-associated lactic acidosis is often subtle, accompanied only by nonspecific symptoms such as malaise, myalgias, respiratory distress, somnolence, and abdominal pain. Metformin-associated lactic acidosis was characterized by elevated blood lactate levels (>5 mmol/Liter), anion gap acidosis (without evidence of ketonuria or ketonemia), an increased lactate/pyruvate ratio; and metformin plasma levels generally >5 mcg/mL [see Warnings and Precautions (5.1) ]. Risk factors for metformin-associated lactic acidosis include renal impairment, concomitant use of certain drugs (e.g. carbonic anhydrase inhibitors such as topiramate), age 65 years old or greater, having a radiological study with contrast, surgery and other procedures, hypoxic states (e.g., acute congestive heart failure), excessive alcohol intake, and hepatic impairment. Steps to reduce the risk of and manage metformin-associated lactic acidosis in these high risk groups are provided (see Dosage and Administration (2.3) , Contraindications (4) , Warnings and Precautions (5.1) ]. If metformin-associated lactic acidosis is suspected, immediately discontinue metformin and institute general supportive measures in a hospital setting. Prompt hemodialysis is recommended [see Warnings and Precautions (5.1) ]. WARNING: LACTIC ACIDOSIS See full prescribing information for complete boxed warning. Postmarketing cases of metformin-associated lactic acidosis have resulted in death, hypothermia, hypotension, and resistant bradyarrhythmias. Symptoms included malaise, myalgias, respiratory distress, somnolence, and abdominal pain. Laboratory abnormalities included elevated blood lactate levels, anion gap acidosis, increased lactate/pyruvate ratio; and metformin plasma levels generally >5 mcg/mL.( 5.1 ) Risk factors include renal impairment, concomitant use of certain drugs, age >65 years old, radiological studies with contrast, surgery and other procedures, hypoxic states, excessive alcohol intake, and hepatic impairment. Steps to reduce the risk of and manage metformin associated lactic acidosis in these high risk groups are provided in the Full Prescribing Information. ( 5.1 ) If lactic acidosis is suspected, discontinue Metformin Hydrochloride Tablets and institute general supportive measures in a hospital setting. Prompt hemodialysis is recommended. ( 5.1 )"
AMLODIPINE BESYLATE 2.5 mg,AMLODIPINE BESYLATE,No,No Boxed Warning
amlodipine besylate and olmesartan medoxomil,AMLODIPINE BESYLATE AND OLMESARTAN MEDOXOMIL,Yes,"WARNING: FETAL TOXICITY When pregnancy is detected, discontinue amlodipine besylate and olmesartan medoxomil as soon as possible ( 5.1 , 8.1 ). Drugs that act directly on the renin-angiotensin system (RAS) can cause injury and death to the developing fetus ( 5.1 , 8.1 ). WARNING: FETAL TOXICITY See full prescribing information for complete boxed warning. When pregnancy is detected, discontinue amlodipine besylate and olmesartan medoxomil as soon as possible ( 5.1 , 8.1 ). Drugs that act directly on the renin-angiotensin system can cause injury and death to the developing fetus ( 5.1 , 8.1 )."
Amlodipine and Atorvastatin,AMLODIPINE AND ATORVASTATIN,No,No Boxed Warning
NOVOLOG,INSULIN ASPART,No,No Boxed Warning
captopril,CAPTOPRIL,Yes,"WARNING: FETAL TOXICITY When pregnancy is detected, discontinue captopril tablets as soon as possible. Drugs that act directly on the renin-angiotensin system can cause injury and death to the developing fetus. See WARNINGS: Fetal Toxicity"
OLMESARTAN MEDOXOMIL and HYDROCHLOROTHIAZIDE,OLMESARTAN MEDOXOMIL AND HYDROCHLOROTHIAZIDE,Yes,"WARNING: FETAL TOXICITY • When pregnancy is detected, discontinue olmesartan medoxomil and hydrochlorothiazide tablets as soon as possible [see Warnings and Precautions ( 5.1 )] . • Drugs that act directly on the renin-angiotensin system can cause injury and death to the developing fetus [see Warnings and Precautions ( 5.1 )] . WARNING: FETAL TOXICITY See full prescribing information for complete boxed warning. • When pregnancy is detected, discontinue olmesartan medoxomil and hydrochlorothiazide tablets as soon as possible ( 5.1 ). • Drugs that act directly on the renin-angiotensin system can cause injury and death to the developing fetus ( 5.1 )."
Atorvastatin calcium,ATORVASTATIN CALCIUM,No,No Boxed Warning
Metformin HCl,METFORMIN HCL,No,No Boxed Warning
Glipizide and Metformin Hydrochloride,GLIPIZIDE AND METFORMIN HYDROCHLORIDE,Yes,"Lactic Acidosis Postmarketing cases of metformin-associated lactic acidosis have resulted in death, hypothermia, hypotension, and resistant bradyarrhythmias. The onset of metformin-associated lactic acidosis is often subtle, accompanied only by nonspecific symptoms such as malaise, myalgias, respiratory distress, somnolence, and abdominal pain. Metformin-associated lactic acidosis was characterized by elevated blood lactate levels (> 5 mmol/Liter), anion gap acidosis (without evidence of ketonuria or ketonemia), an increased lactate/pyruvate ratio; and metformin plasma levels generally > 5 mcg/mL [see PRECAUTIONS]. Risk factors for metformin-associated lactic acidosis include renal impairment, concomitant use of certain drugs (e.g., carbonic anhydrase inhibitors such as topiramate), age 65 years old or greater, having a radiological study with contrast, surgery and other procedures, hypoxic states (e.g., acute congestive heart failure), excessive alcohol intake, and hepatic impairment. Steps to reduce the risk of and manage metformin-associated lactic acidosis in these high risk groups are provided [see PRECAUTIONS]. If metformin-associated lactic acidosis is suspected, immediately discontinue glipizide and metformin hydrochloride tablets and institute general supportive measures in a hospital setting. Prompt hemodialysis is recommended [see PRECAUTIONS]."
Torsemide,TORSEMIDE,No,No Boxed Warning
Amlodipine and Atorvastatin,AMLODIPINE AND ATORVASTATIN,No,No Boxed Warning
Metformin Hydrochloride,METFORMIN HYDROCHLORIDE,Yes,"BOXED WARNING WARNING: LACTIC ACIDOSIS Postmarketing cases of metformin-associated lactic acidosis have resulted in death, hypothermia, hypotension, and resistant bradyarrhythmias. The onset of metformin- associated lactic acidosis is often subtle, accompanied only by nonspecific symptoms such as malaise, myalgias, respiratory distress, somnolence, and abdominal pain. Metformin- associated lactic acidosis was characterized by elevated blood lactate levels (>5 mmol/Liter), anion gap acidosis (without evidence of ketonuria or ketonemia), an increased lactate/pyruvate ratio; and metformin plasma levels generally >5 mcg/mL [ see Warnings and Precautions ( 5.1 ) ]. Risk factors for metformin-associated lactic acidosis include renal impairment, concomitant use of certain drugs (e.g. carbonic anhydrase inhibitors such as topiramate), age 65 years old or greater, having a radiological study with contrast, surgery and other procedures, hypoxic states (e.g., acute congestive heart failure), excessive alcohol intake, and hepatic impairment. Steps to reduce the risk of and manage metformin-associated lactic acidosis in these high risk groups are provided [ see Dosage and Administration ( 2.2 ), Contraindications ( 4 ), Warnings and Precautions ( 5.1 ) ]. If metformin-associated lactic acidosis is suspected, immediately discontinue metformin hydrochloride extended-release tablets and institute general supportive measures in a hospital setting. Prompt hemodialysis is recommended [ see Warnings and Precautions ( 5.1 ) ]. WARNING: LACTIC ACIDOSIS See full prescribing information for complete boxed warning. • Postmarketing cases of metformin-associated lactic acidosis have resulted in death, hypothermia, hypotension, and resistant bradyarrhythmias. Symptoms included malaise, myalgias, respiratory distress, somnolence, and abdominal pain. Laboratory abnormalities included elevated blood lactate levels, anion gap acidosis, increased lactate/pyruvate ratio; and metformin plasma levels generally >5 mcg/mL. ( 5.1 ) • Risk factors include renal impairment, concomitant use of certain drugs, age >65 years old, radiological studies with contrast, surgery and other procedures, hypoxic states, excessive alcohol intake, and hepatic impairment. Steps to reduce the risk of and manage metformin- associated lactic acidosis in these high risk groups are provided in the Full Prescribing Information. ( 5.1 ) • If lactic acidosis is suspected, discontinue metformin hydrochloride extended-release tablets and institute general supportive measures in a hospital setting. Prompt hemodialysis is recommended. ( 5.1 )"
Olmesartan Medoxomil,OLMESARTAN MEDOXOMIL,Yes,"WARNING: FETAL TOXICITY When pregnancy is detected, discontinue olmesartan medoxomil tablets as soon as possible ( 5.1 , 8.1 ) Drugs that act directly on the renin-angiotensin system can cause injury and death to the developing fetus ( 5.1 , 8.1 ) WARNING: FETAL TOXICITY See full prescribing information for complete boxed warning. When pregnancy is detected, discontinue olmesartan medoxomil tablets as soon as possible ( 5.1 , 8.1 ). Drugs that act directly on the renin-angiotensin system can cause injury and death to the developing fetus ( 5.1 , 8.1 )."
SIMVASTATIN,SIMVASTATIN,No,No Boxed Warning
METFORMIN HYDROCHLORIDE,METFORMIN HYDROCHLORIDE,Yes,"WARNING: LACTIC ACIDOSIS Postmarketing cases of metformin-associated lactic acidosis have resulted in death, hypothermia, hypotension, and resistant bradyarrhythmias. The onset of metformin ‑ associated lactic acidosis is often subtle, accompanied only by nonspecific symptoms such as malaise, myalgias, respiratory distress, somnolence, and abdominal pain. Metformin ‑ associated lactic acidosis was characterized by elevated blood lactate levels (>5 mmol/Liter), anion gap acidosis (without evidence of ketonuria or ketonemia), an increased lactate/pyruvate ratio; and metformin plasma levels generally >5 mcg/mL [ see Warnings and Precautions ( 5.1 ) ]. Risk factors for metformin-associated lactic acidosis include renal impairment, concomitant use of certain drugs (e.g. carbonic anhydrase inhibitors such as topiramate), age 65 years old or greater, having a radiological study with contrast, surgery and other procedures, hypoxic states (e.g., acute congestive heart failure), excessive alcohol intake, and hepatic impairment. Steps to reduce the risk of and manage metformin-associated lactic acidosis in these high risk groups are provided [ see Dosage and Administration ( 2.3 ), (2.7), Contraindications ( 4 ), Warnings and Precautions ( 5.1 ) ]. If metformin-associated lactic acidosis is suspected, immediately discontinue metformin hydrochloride tablets and institute general supportive measures in a hospital setting. Prompt hemodialysis is recommended [ see Warnings and Precautions ( 5.1 ) ]. WARNING: LACTIC ACIDOSIS See full prescribing information for complete boxed warning. • Postmarketing cases of metformin-associated lactic acidosis have resulted in death, hypothermia, hypotension, and resistant bradyarrhythmias. Symptoms included malaise, myalgias, respiratory distress, somnolence, and abdominal pain. Laboratory abnormalities included elevated blood lactate levels, anion gap acidosis, increased lactate/pyruvate ratio; and metformin plasma levels generally >5 mcg/mL. ( 5.1 ) • Risk factors include renal impairment, concomitant use of certain drugs, age >65 years old, radiological studies with contrast, surgery and other procedures, hypoxic states, excessive alcohol intake, and hepatic impairment. Steps to reduce the risk of and manage metformin ‑ -associated lactic acidosis in these high risk groups are provided in the Full Prescribing Information. ( 5.1 ) • If lactic acidosis is suspected, discontinue metformin hydrochloride tablets and institute general supportive measures in a hospital setting. Prompt hemodialysis is recommended. ( 5.1 )"
.Insulin Aspart Protamine and Insulin Aspart,INSULIN ASPART,No,No Boxed Warning
Glimepiride,GLIMEPIRIDE,No,No Boxed Warning
Metformin Hydrochloride,METFORMIN HYDROCHLORIDE EXTENDED-RELEASE TABLETS,Yes,"WARNING: LACTIC ACIDOSIS Postmarketing cases of metformin-associated lactic acidosis have resulted in death, hypothermia, hypotension, and resistant bradyarrhythmias. The onset of metformin-associated lactic acidosis is often subtle, accompanied only by nonspecific symptoms such as malaise, myalgias, respiratory distress, somnolence, and abdominal pain. Metformin-associated lactic acidosis was characterized by elevated blood lactate levels (> 5 mmol/Liter), anion gap acidosis (without evidence of ketonuria or ketonemia), an increased lactate/pyruvate ratio, and metformin plasma levels generally > 5 mcg/mL [see Warnings and Precautions (5.1) ] . Risk factors for metformin-associated lactic acidosis include renal impairment, concomitant use of certain drugs (e.g., carbonic anhydrase inhibitors such as topiramate), age 65 years old or greater, having a radiological study with contrast, surgery and other procedures, hypoxic states (e.g., acute congestive heart failure), excessive alcohol intake, and hepatic impairment. Steps to reduce the risk of and manage metformin-associated lactic acidosis in these high risk groups are provided in the full prescribing information [ see Dosage and Administration (2.2) , Contraindications (4) , Warnings and Precautions (5.1) , and Drug Interactions (7) ] . If metformin-associated lactic acidosis is suspected, immediately discontinue metformin hydrochloride extended-release tablet and institute general supportive measures in a hospital setting. Prompt hemodialysis is recommended [see Warnings and Precautions (5.1) ] . WARNING: LACTIC ACIDOSIS See full prescribing information for complete boxed warning. Postmarketing cases of metformin-associated lactic acidosis have resulted in death, hypothermia, hypotension, and resistant bradyarrhythmias. Symptoms included malaise, myalgias, respiratory distress, somnolence, and abdominal pain. Laboratory abnormalities included elevated blood lactate levels, anion gap acidosis, increased lactate/pyruvate ratio; and metformin plasma levels generally > 5 mcg /mL. ( 5.1 ) Risk factors include renal impairment, concomitant use of certain drugs, age ≥ 65 years old, radiological studies with contrast, surgery and other procedures, hypoxic states, excessive alcohol intake, and hepatic impairment. Steps to reduce the risk of and manage metformin-associated lactic acidosis in these high risk groups are provided in the Full Prescribing Information. ( 5.1 ) If lactic acidosis is suspected, discontinue metformin hydrochloride extended-release tablet and institute general supportive measures in a hospital setting. Prompt hemodialysis is recommended. ( 5.1 )"
METOPROLOL TARTRATE,METOPROLOL TARTRATE,No,No Boxed Warning
Zegalogue,DASIGLUCAGON,No,No Boxed Warning
Nifedipine,NIFEDIPINE,No,No Boxed Warning
Atorvastatin Calcium,ATORVASTATIN CALCIUM,No,No Boxed Warning
Atenolol and Chlorthalidone,ATENOLOL AND CHLORTHALIDONE,No,No Boxed Warning
Metoprolol succinate,METOPROLOL SUCCINATE,No,No Boxed Warning
Simvastatin,SIMVASTATIN,No,No Boxed Warning
Liraglutide,LIRAGLUTIDE,Yes,"WARNING: RISK OF THYROID C-CELL TUMORS • Liraglutide causes dose-dependent and treatment-duration-dependent thyroid C-cell tumors at clinically relevant exposures in both genders of rats and mice. It is unknown whether liraglutide causes thyroid C-cell tumors, including medullary thyroid carcinoma (MTC), in humans, as the human relevance of liraglutide-induced rodent thyroid C-cell tumors has not been determined [see Warnings and Precautions ( 5.1 ), Nonclinical Toxicology ( 13.1 )] . • Liraglutide is contraindicated in patients with a personal or family history of MTC and in patients with Multiple Endocrine Neoplasia syndrome type 2 (MEN 2). Counsel patients regarding the potential risk for MTC with the use of liraglutide and inform them of symptoms of thyroid tumors (e.g., a mass in the neck, dysphagia, dyspnea, persistent hoarseness). Routine monitoring of serum calcitonin or using thyroid ultrasound is of uncertain value for early detection of MTC in patients treated with liraglutide [see Contraindications ( 4 ), Warnings and Precautions ( 5.1 )] . WARNING: RISK OF THYROID C-CELL TUMORS See full prescribing information for complete boxed warning. • Liraglutide causes thyroid C-cell tumors at clinically relevant exposures in both genders of rats and mice. It is unknown whether liraglutide causes thyroid C-cell tumors, including medullary thyroid carcinoma (MTC), in humans, as the human relevance of liraglutide-induced rodent thyroid C-cell tumors has not been determined ( 5.1 , 13.1 ) . • Liraglutide is contraindicated in patients with a personal or family history of MTC or in patients with Multiple Endocrine Neoplasia syndrome type 2 (MEN 2). Counsel patients regarding the potential risk of MTC and the symptoms of thyroid tumors ( 4 , 5.1 )."
Irbesartan,IRBESARTAN,Yes,"WARNING: FETAL TOXICITY • When pregnancy is detected, discontinue irbesartan tablets as soon as possible [see Warnings and Precautions ( 5.1 ) and Use in Specific Populations ( 8.1 )]. • Drugs that act directly on the renin-angiotensin system can cause injury and death to the developing fetus [see Warnings and Precautions ( 5.1 ) and Use in Specific Populations ( 8.1 ) ]. WARNING: FETAL TOXICITY See full prescribing information for complete boxed warning. • When pregnancy is detected, discontinue irbesartan tablets as soon as possible. ( 5.1 , 8.1 ) • Drugs that act directly on the renin-angiotensin system can cause injury and death to the developing fetus. ( 5.1 , 8.1 )"
alogliptin and metformin hydrochloride,ALOGLIPTIN AND METFORMIN HYDROCHLORIDE,Yes,"WARNING: LACTIC ACIDOSIS Postmarketing cases of metformin-associated lactic acidosis have resulted in death, hypothermia, hypotension, and resistant bradyarrhythmias. The onset of metformin-associated lactic acidosis is often subtle, accompanied only by nonspecific symptoms such as malaise, myalgias, respiratory distress, somnolence, and abdominal pain. Metformin-associated lactic acidosis was characterized by elevated blood lactate levels (greater than 5 mmol/L), anion gap acidosis (without evidence of ketonuria or ketonemia), an increased lactate/pyruvate ratio; and metformin plasma levels generally greater than 5 mcg/mL [see Warnings and Precautions (5.1) ] . Risk factors for metformin-associated lactic acidosis include renal impairment, concomitant use of certain drugs (e.g., carbonic anhydrase inhibitors such as topiramate), age 65 years old or greater, having a radiological study with contrast, surgery and other procedures, hypoxic states (e.g., acute congestive heart failure), excessive alcohol intake, and hepatic impairment. Steps to reduce the risk of and manage metformin-associated lactic acidosis in these high risk groups are provided in the Full Prescribing Information [see Dosage and Administration (2.2) , Contraindications (4) , Warnings and Precautions (5.1) , Drug Interactions (7) , Use in Specific Populations (8.6 , 8.7) ] . If metformin-associated lactic acidosis is suspected, immediately discontinue alogliptin and metformin HCl tablets and institute general supportive measures in a hospital setting. Prompt hemodialysis is recommended [see Warnings and Precautions (5.1) ]. WARNING: LACTIC ACIDOSIS See full prescribing information for complete boxed warning. Postmarketing cases of metformin-associated lactic acidosis have resulted in death, hypothermia, hypotension, and resistant bradyarrhythmias. Symptoms included malaise, myalgias, respiratory distress, somnolence, and abdominal pain. Laboratory abnormalities included elevated blood lactate levels, anion gap acidosis, increased lactate/pyruvate ratio; and metformin plasma levels generally greater than 5 mcg/mL. ( 5.1 ) Risk factors include renal impairment, concomitant use of certain drugs, age ≥65 years old, radiological studies with contrast, surgery and other procedures, hypoxic states, excessive alcohol intake, and hepatic impairment. Steps to reduce the risk of and manage metformin-associated lactic acidosis in these high risk groups are provided in the Full Prescribing Information. ( 5.1 ) If lactic acidosis is suspected, discontinue alogliptin and metformin HCl tablets and institute general supportive measures in a hospital setting. Prompt hemodialysis is recommended. ( 5.1 )"
METFORMIN HYDROCHLORIDE EXTENDED RELEASE,METFORMIN HYDROCHLORIDE,Yes,"BOXED WARNING WARNING: LACTIC ACIDOSIS Postmarketing cases of metformin-associated lactic acidosis have resulted in death, hypothermia, hypotension, and resistant bradyarrhythmias. The onset of metformin-associated lactic acidosis is often subtle, accompanied only by nonspecific symptoms such as malaise, myalgias, respiratory distress, somnolence, and abdominal pain. Metformin-associated lactic acidosis was characterized by elevated blood lactate levels (>5 mmol/Liter), anion gap acidosis (without evidence of ketonuria or ketonemia), an increased lactate/pyruvate ratio; and metformin plasma levels generally >5 mcg/mL [see Warnings and Precautions (5.1) ]. Risk factors for metformin-associated lactic acidosis include renal impairment, concomitant use of certain drugs (e.g. carbonic anhydrase inhibitors such as topiramate), age 65 years old or greater, having a radiological study with contrast, surgery and other procedures, hypoxic states (e.g., acute congestive heart failure), excessive alcohol intake, and hepatic impairment. Steps to reduce the risk of and manage metformin-associated lactic acidosis in these high risk groups are provided [see Dosage and Administration (2.3), Contraindications (4), Warnings and Precautio ns (5.1) ]. If metformin-associated lactic acidosis is suspected, immediately discontinue metformin hydrochloride extended-release tablets and institute general supportive measures in a hospital setting. Prompt haemodialysis is recommended [see Warnings and Precautions (5.1) ]. WARNING: LACTIC ACIDOSIS See full prescribing information for complete boxed warning. Postmarketing cases of metformin-associated lactic acidosis have resulted in death, hypothermia, hypotension, and resistant bradyarrhythmias. Symptoms included malaise, myalgias, respiratory distress, somnolence, and abdominal pain. Laboratory abnormalities included elevated blood lactate levels, anion gap acidosis, increased lactate/pyruvate ratio; and metformin plasma levels generally >5 mcg/mL. (5.1) Risk factors include renal impairment, concomitant use of certain drugs, age >65 years old, radiological studies with contrast, surgery and other procedures, hypoxic states, excessive alcohol intake, and hepatic impairment. Steps to reduce the risk of and manage metformin-associated lactic acidosis in these high risk groups are provided in the Full Prescribing Information. (5.1) If lactic acidosis is suspected, discontinue Metformin Hydrochloride Extended-Release Tablets and institute general supportive measures in a hospital setting. Prompt hemodialysis is recommended. (5.1)"
Metformin Hydrochloride,METFORMIN HYDROCHLORIDE,Yes,"WARNING: LACTIC ACIDOSIS Postmarketing cases of metformin-associated lactic acidosis have resulted in death, hypothermia, hypotension, and resistant bradyarrhythmias. The onset of metformin-associated lactic acidosis is often subtle, accompanied only by nonspecific symptoms such as malaise, myalgias, respiratory distress, somnolence, and abdominal pain. Metformin-associated lactic acidosis was characterized by elevated blood lactate levels (> 5 mmol/Liter), anion gap acidosis (without evidence of ketonuria or ketonemia), an increased lactate/pyruvate ratio; and metformin plasma levels generally > 5 mcg/mL [see Warnings and Precautions (5.1) ]. Risk factors for metformin-associated lactic acidosis include renal impairment, concomitant use of certain drugs (e.g. carbonic anhydrase inhibitors such as topiramate), age 65 years old or greater, having a radiological study with contrast, surgery and other procedures, hypoxic states (e.g., acute congestive heart failure), excessive alcohol intake, and hepatic impairment. Steps to reduce the risk of and manage metformin-associated lactic acidosis in these high risk groups are provided [see Dosage and Administration (2.3) , Contraindications (4) , Warnings and Precautions (5.1) ] . If metformin-associated lactic acidosis is suspected, immediately discontinue metformin hydrochloride extended-release tablets and institute general supportive measures in a hospital setting. Prompt hemodialysis is recommended [see Warnings and Precautions (5.1) ]. WARNING: LACTIC ACIDOSIS See full prescribing information for complete boxed warning. Postmarketing cases of metformin-associated lactic acidosis have resulted in death, hypothermia, hypotension, and resistant bradyarrhythmias. Symptoms included malaise, myalgias, respiratory distress, somnolence, and abdominal pain. Laboratory abnormalities included elevated blood lactate levels, anion gap acidosis, increased lactate/pyruvate ratio; and metformin plasma levels generally > 5 mcg/mL. ( 5.1 ) Risk factors include renal impairment, concomitant use of certain drugs, age > 65 years old, radiological studies with contrast, surgery and other procedures, hypoxic states, excessive alcohol intake, and hepatic impairment. Steps to reduce the risk of and manage metforminassociated lactic acidosis in these high risk groups are provided in the Full Prescribing Information. ( 5.1 ) If lactic acidosis is suspected, discontinue metformin hydrochloride extended-release tablets and institute general supportive measures in a hospital setting. Prompt hemodialysis is recommended. ( 5.1 )"
Metoprolol succinate,METOPROLOL SUCCINATE,No,No Boxed Warning
DESMOPRESSIN ACETATE,DESMOPRESSIN ACETATE,No,No Boxed Warning
Glipizide,GLIPIZIDE,No,No Boxed Warning
Colestipol Hydrochloride,COLESTIPOL HYDROCHLORIDE,No,No Boxed Warning
Prazosin Hydrochloride,PRAZOSIN HYDROCHLORIDE,No,No Boxed Warning
BRILINTA,TICAGRELOR,Yes,"WARNING: BLEEDING RISK BRILINTA, like other antiplatelet agents, can cause significant, sometimes fatal bleeding ( 5.1 , 6.1 ). Do not use BRILINTA in patients with active pathological bleeding or a history of intracranial hemorrhage ( 4.1 , 4.2 ). Do not start BRILINTA in patients undergoing urgent coronary artery bypass graft surgery (CABG) ( 5.1 , 6.1 ). If possible, manage bleeding without discontinuing BRILINTA. Stopping BRILINTA increases the risk of subsequent cardiovascular events ( 5.2 ). WARNING: BLEEDING RISK See full prescribing information for complete boxed warning. BRILINTA, like other antiplatelet agents, can cause significant, sometimes fatal bleeding. ( 5.1 , 6.1 ) Do not use BRILINTA in patients with active pathological bleeding or a history of intracranial hemorrhage. ( 4.1 , 4.2 ) Do not start BRILINTA in patients undergoing urgent coronary artery bypass graft surgery (CABG). ( 5.1 , 6.1 ) If possible, manage bleeding without discontinuing BRILINTA. Stopping BRILINTA increases the risk of subsequent cardiovascular events. ( 5.2 )"
Glipizide,GLIPIZIDE,No,No Boxed Warning
Candesartan cilexetil,CANDESARTAN CILEXETIL,Yes,"WARNING: FETAL TOXICITY When pregnancy is detected, discontinue candesartan cilexetil as soon as possible [see Warnings and Precautions ( 5.1 ) and Use in Specific Populations ( 8.1 )]. Drugs that act directly on the renin-angiotensin system can cause injury and death to the developing fetus [see Warnings and Precautions ( 5.1 ) and Use in Specific Populations ( 8.1 )]. WARNING: FETAL TOXICITY See full prescribing information for complete boxed warning. When pregnancy is detected, discontinue candesartan cilexetil as soon as possible. ( 5.1 , 8.1 ) Drugs that act directly on the renin-angiotensin system can cause injury and death to the developing fetus. ( 5.1 , 8.1 )"
Spironolactone,SPIRONOLACTONE,No,No Boxed Warning
NEBIVOLOL,NEBIVOLOL,No,No Boxed Warning
Ramipril,RAMIPRIL,Yes,"WARNING: FETAL TOXICITY When pregnancy is detected, discontinue ramipril as soon as possible [see Warnings and Precautions (5.6) ]. Drugs that act directly on the renin-angiotensin system can cause injury and death to the developing fetus [see Warnings and Precautions (5.6) ] . WARNING: FETAL TOXICITY See full prescribing information for complete boxed warning When pregnancy is detected, discontinue ramipril as soon as possible (5.6) . Drugs that act directly on the renin-angiotensin system can cause injury and death to the developing fetus (5.6) ."
Nadolol,NADOLOL,Yes,"Exacerbation of Ischemic Heart Disease Following Abrupt Withdrawal - Hypersensitivity to catecholamines has been observed in patients withdrawn from beta-blocker therapy; exacerbation of angina and, in some cases, myocardial infarction have occurred after abrupt discontinuation of such therapy. When discontinuing chronically administered nadolol, particularly in patients with ischemic heart disease, the dosage should be gradually reduced over a period of one to two weeks and the patient should be carefully monitored. If angina markedly worsens or acute coronary insufficiency develops, nadolol administration should be reinstituted promptly, at least temporarily, and other measures appropriate for the management of unstable angina should be taken. Patients should be warned against interruption or discontinuation of therapy without the physician's advice. Because coronary artery disease is common and may be unrecognized, it may be prudent not to discontinue nadolol therapy abruptly even in patients treated only for hypertension."
Torsemide,TORSEMIDE,No,No Boxed Warning
Telmisartan and Amlodipine,TELMISARTAN AND AMLODIPINE,Yes,"WARNING: FETAL TOXICITY When pregnancy is detected, discontinue telmisartan and amlodipine tablets as soon as possible [see Warnings and Precautions (5.1)] . Drugs that act directly on the renin-angiotensin system can cause injury and death to the developing fetus [see Warnings and Precautions (5.1)] . WARNING: FETAL TOXICITY See full prescribing information for complete boxed warning. When pregnancy is detected, discontinue t elmisartan and amlodipine tablets as soon as possible (5.1) Drugs that act directly on the renin-angiotensin system can cause injury and death to the developing fetus (5.1)"
Glucagon,GLUCAGON,No,No Boxed Warning
Atenolol,ATENOLOL,No,No Boxed Warning
COLESEVELAM HYDROCHLORIDE,COLESEVELAM HYDROCHLORIDE,No,No Boxed Warning
Metoprolol Succinate ER,METOPROLOL SUCCINATE ER,No,No Boxed Warning
Nifedipine,NIFEDIPINE,No,No Boxed Warning
PHENDIMETRAZINE TARTRATE,PHENDIMETRAZINE TARTRATE,No,No Boxed Warning
Caduet,AMLODIPINE AND ATORVASTATIN,No,No Boxed Warning
Pioglitazone,PIOGLITAZONE,Yes,"WARNING: CONGESTIVE HEART FAILURE • Thiazolidinediones, including pioglitazone, cause or exacerbate congestive heart failure in some patients [see ] . • After initiation of pioglitazone, and after dose increases, monitor patients carefully for signs and symptoms of heart failure (e.g., excessive, rapid weight gain, dyspnea, and/or edema). If heart failure develops, it should be managed according to current standards of care and discontinuation or dose reduction of pioglitazone must be considered. • Pioglitazone is not recommended in patients with symptomatic heart failure. • Initiation of pioglitazone in patients with established New York Heart Association (NYHA) Class III or IV heart failure is contraindicated [see and ] . • Thiazolidinediones, including pioglitazone, cause or exacerbate congestive heart failure in some patients. • After initiation of pioglitazone, and after dose increases, monitor patients carefully for signs and symptoms of heart failure (e.g., excessive, rapid weight gain, dyspnea, and/or edema). If heart failure develops, it should be managed according to current standards of care and discontinuation or dose reduction of pioglitazone must be considered. • Pioglitazone is not recommended in patients with symptomatic heart failure. • Initiation of pioglitazone in patients with established New York Heart Association (NYHA) Class III or IV heart failure is contraindicated. ,"
Olmesartan Medoxomil,OLMESARTAN MEDOXOMIL,Yes,"WARNING: FETAL TOXICITY When pregnancy is detected, discontinue olmesartan medoxomil as soon as possible (5.1, 8.1). Drugs that act directly on the renin-angiotensin system can cause injury and death to the developing fetus (5.1, 8.1)."
Olmesartan Medoxomil,OLMESARTAN MEDOXOMIL,Yes,"WARNING: FETAL TOXICITY When pregnancy is detected, discontinue olmesartan medoxomil as soon as possible (5.1, 8.1). Drugs that act directly on the renin-angiotensin system can cause injury and death to the developing fetus (5.1, 8.1)."
Valsartan and Hydrochlorothiazide,VALSARTAN AND HYDROCHLOROTHIAZIDE,Yes,"WARNING:FETAL TOXICITY WARNING: FETAL TOXICITY • When pregnancy is detected, discontinue valsartan and hydrochlorothiazide tablets as soon as possible. (5.1 ) • Drugs that act directly on the renin-angiotensin system can cause injury and death to the developing fetus. (5.1 ) WARNING: FETAL TOXICITY See full prescribing information for complete boxed warning. When pregnancy is detected, discontinue valsartan and hydrochlorothiazide tablets as soon as possible. (5.1) Drugs that act directly on the renin-angiotensin system can cause injury and death to the developing fetus. (5.1)"
Losartan Potassium,LOSARTAN POTASSIUM,Yes,"WARNING: FETAL TOXICITY When pregnancy is detected, discontinue losartan potassium as soon as possible. Drugs that act directly on the renin-angiotensin system can cause injury and death to the developing fetus [see Warnings and Precautions (5.1) ]. WARNING: FETAL TOXICITY See full prescribing information for complete boxed warning. When pregnancy is detected, discontinue losartan potassium as soon as possible. Drugs that act directly on the renin-angiotensin system can cause injury and death to the developing fetus. ( 5.1 )"
Atorvastatin Calcium,ATORVASTATIN CALCIUM,No,No Boxed Warning
Gemfibrozil,GEMFIBROZIL,No,No Boxed Warning
Metformin Hydrochloride,METFORMIN HYDROCHLORIDE EXTENDED-RELEASE TABLETS,Yes,"WARNING: LACTIC ACIDOSIS Postmarketing cases of metformin-associated lactic acidosis have resulted in death, hypothermia, hypotension, and resistant bradyarrhythmias. The onset of metformin-associated lactic acidosis is often subtle, accompanied only by nonspecific symptoms such as malaise, myalgias, respiratory distress, somnolence, and abdominal pain. Metformin-associated lactic acidosis was characterized by elevated blood lactate levels (> 5 mmol/Liter), anion gap acidosis (without evidence of ketonuria or ketonemia), an increased lactate/pyruvate ratio; and metformin plasma levels generally > 5 mcg/mL [see Warnings and Precautions (5.1) ]. Risk factors for metformin-associated lactic acidosis include renal impairment, concomitant use of certain drugs (e.g., carbonic anhydrase inhibitors such as topiramate), age 65 years old or greater, having a radiological study with contrast, surgery and other procedures, hypoxic states (e.g., acute congestive heart failure), excessive alcohol intake, and hepatic impairment. Steps to reduce the risk of and manage metformin-associated lactic acidosis in these high risk groups are provided [ see Dosage and Administration (2.2) , Contraindications (4) , Warnings and Precautions (5.1) ] . If metformin-associated lactic acidosis is suspected, immediately discontinue metformin hydrochloride extended-release tablet and institute general supportive measures in a hospital setting. Prompt hemodialysis is recommended [see Warnings and Precautions (5.1) ]. WARNING: LACTIC ACIDOSIS See full prescribing information for complete boxed warning Postmarketing cases of metformin-associated lactic acidosis have resulted in death, hypothermia, hypotension, and resistant bradyarrhythmias. Symptoms included malaise, myalgias, respiratory distress, somnolence, and abdominal pain. Laboratory abnormalities included elevated blood lactate levels, anion gap acidosis, increased lactate/pyruvate ratio; and metformin plasma levels generally > 5 mcg/mL. ( 5.1 ) Risk factors include renal impairment, concomitant use of certain drugs, age ≥ 65 years old, radiological studies with contrast, surgery and other procedures, hypoxic states, excessive alcohol intake, and hepatic impairment. Steps to reduce the risk of and manage metformin-associated lactic acidosis in these high risk groups are provided in the Full Prescribing Information. ( 5.1 ) If lactic acidosis is suspected, discontinue metformin hydrochloride extended-release tablet and institute general supportive measures in a hospital setting. Prompt hemodialysis is recommended. ( 5.1 )"
Torsemide,TORSEMIDE,No,No Boxed Warning
Fenofibrate,FENOFIBRATE,No,No Boxed Warning
Glipizide,GLIPIZIDE,No,No Boxed Warning
Valsartan,VALSARTAN,No,No Boxed Warning
Metformin hydrochloride,METFORMIN HYDROCHLORIDE,Yes,"WARNING: LACTIC ACIDOSIS Postmarketing cases of metformin-associated lactic acidosis have resulted in death, hypothermia, hypotension, and resistant bradyarrhythmias. The onset of metformin­ associated lactic acidosis is often subtle, accompanied only by nonspecific symptoms such as malaise, myalgias, respiratory distress, somnolence, and abdominal pain. Metformin­ associated lactic acidosis was characterized by elevated blood lactate levels (>5 mmol/Liter), anion gap acidosis (without evidence of ketonuria or ketonemia), an increased lactate/pyruvate ratio; and metformin plasma levels generally >5 mcg/mL [see Warnings and Precautions (5.1)]. Risk factors for metformin-associated lactic acidosis include renal impairment, concomitant use of certain drugs (e.g. carbonic anhydrase inhibitors such as topiramate), age 65 years old or greater, having a radiological study with contrast, surgery and other procedures, hypoxic states (e.g., acute congestive heart failure), excessive alcohol intake, and hepatic impairment. Steps to reduce the risk of and manage metformin-associated lactic acidosis in these high risk groups are provided [see Dosage and Administration (2.3) , (2.7) , Contraindications (4), Warnings and Precautions (5.1)]. If metformin-associated lactic acidosis is suspected, immediately discontinue metformin hydrochloride extended-release tablets and institute general supportive measures in a hospital setting. Prompt hemodialysis is recommended [see Warnings and Precautions (5.1) ]. WARNING: LACTIC ACIDOSIS See full prescribing information for complete boxed warning. • Postmarketing cases of metformin-associated lactic acidosis have resulted in death, hypothermia, hypotension, and resistant bradyarrhythmias. Symptoms included malaise, myalgias, respiratory distress, somnolence, and abdominal pain. Laboratory abnormalities included elevated blood lactate levels, anion gap acidosis, increased lactate/pyruvate ratio; and metformin plasma levels generally >5 mcg/mL. (5.1) • Risk factors include renal impairment, concomitant use of certain drugs, age >65 years old, radiological studies with contrast, surgery and other procedures, hypoxic states, excessive alcohol intake, and hepatic impairment. Steps to reduce the risk of and manage metformin­ associated lactic acidosis in these high risk groups are provided in the Full Prescribing Information. (5.1) • If lactic acidosis is suspected, discontinue Metformin hydrochloride extended-release tablets and institute general supportive measures in a hospital setting. Prompt hemodialysis is recommended. (5.1)"
atorvastatin calcium,ATORVASTATIN CALCIUM,No,No Boxed Warning
Gemfibrozil,GEMFIBROZIL,No,No Boxed Warning
LISINOPRIL,LISINOPRIL,Yes,"WARNING: FETAL TOXICITY • When pregnancy is detected, discontinue lisinopril as soon as possible [see Warnings and Precautions (5.1) ]. • Drugs that act directly on the renin-angiotensin system can cause injury and death to the developing fetus [see Warnings and Precautions (5.1) ]. WARNING: FETAL TOXICITY See full prescribing information for complete boxed warning. • When pregnancy is detected, discontinue lisinopril as soon as possible. (5.1) • Drugs that act directly on the renin-angiotensin system can cause injury and death to the developing fetus. (5.1)"
JARDIANCE,EMPAGLIFLOZIN,No,No Boxed Warning
Metoprolol Tartrate,METOPROLOL TARTRATE,No,No Boxed Warning
Fenofibrate,FENOFIBRATE,No,No Boxed Warning
Atorvastatin Calcium,"ATORVASTATIN CALCIUM, FILM COATED",No,No Boxed Warning
Metoprolol Succinate,METOPROLOL SUCCINATE,Yes,"WARNING: ISCHEMIC HEART DISEASE: WARNING: ISCHEMIC HEART DISEASE See full prescribing information for complete boxed warning. Following abrupt cessation of therapy with beta-blocking agents, exacerbations of angina pectoris and myocardial infarction have occurred. Warn patients against interruption or discontinuation of therapy without the physician's advice. ( 5.1 ) Following abrupt cessation of therapy with certain beta-blocking agents, exacerbations of angina pectoris and, in some cases, myocardial infarction have occurred. When discontinuing chronically administered metoprolol succinate extended-release tablets, particularly in patients with ischemic heart disease, the dosage should be gradually reduced over a period of 1 - 2 weeks and the patient should be carefully monitored. If angina markedly worsens or acute coronary insufficiency develops, metoprolol succinate extended-release tablet administration should be reinstated promptly, at least temporarily, and other measures appropriate for the management of unstable angina should be taken. Warn patients against interruption or discontinuation of therapy without the physician's advice. Because coronary artery disease is common and may be unrecognized, it may be prudent not to discontinue metoprolol succinate extended-release tablet therapy abruptly even in patients treated only for hypertension ( 5.1 )."
amlodipine besylate,AMLODIPINE BESYLATE,No,No Boxed Warning
Metoprolol Tartrate,METOPROLOL TARTRATE,No,No Boxed Warning
Losartan Potassium,LOSARTAN POTASSIUM,Yes,"WARNING: FETAL TOXICITY When pregnancy is detected, discontinue losartan Potassium tablets as soon as possible. Drugs that act directly on the renin-angiotensin system can cause injury and death to the developing fetus [see Warnings and Precautions (5.1)]. WARNING: FETAL TOXICITY See full prescribing information for complete boxed warning. When pregnancy is detected, discontinue losartan potassium tablets as soon as possible. Drugs that act directly on the renin-angiotensin system can cause injury and death to the developing fetus. ( 5.1 )"
Metoprolol succinate,METOPROLOL SUCCINATE,No,No Boxed Warning
NovoLog Mix 70/30,INSULIN ASPART,No,No Boxed Warning
Prazosin Hydrochloride,PRAZOSIN HYDROCHLORIDE,No,No Boxed Warning
AMLODIPINE BESYLATE,AMLODIPINE BESYLATE,No,No Boxed Warning
AMLODIPINE BESYLATE 10 mg,AMLODIPINE BESYLATE,No,No Boxed Warning
Doxazosin,DOXAZOSIN,No,No Boxed Warning
Omega-3-acid ethyl esters,OMEGA-3-ACID ETHYL ESTERS,No,No Boxed Warning
Metoprolol succinate,METOPROLOL SUCCINATE,No,No Boxed Warning
Exforge HCT,AMLODIPINE VALSARTAN AND HYDROCHLOROTHIAZIDE,Yes,"WARNING: FETAL TOXICITY When pregnancy is detected, discontinue Exforge HCT as soon as possible. (5.1) Drugs that act directly on the renin-angiotensin system can cause injury and death to the developing fetus. (5.1) WARNING: FETAL TOXICITY See full prescribing information for complete boxed warning. When pregnancy is detected, discontinue Exforge HCT as soon as possible. ( 5.1 ) Drugs that act directly on the renin-angiotensin system can cause injury and death to the developing fetus. ( 5.1 )"
SPIRONOLACTONE,SPIRONOLACTONE,No,No Boxed Warning
Metoprolol Tartrate,METOPROLOL TARTRATE,No,No Boxed Warning
Verapamil Hydrochloride,VERAPAMIL HYDROCHLORIDE,No,No Boxed Warning
ATORVASTATIN CALCIUM,ATORVASTATIN CALCIUM,No,No Boxed Warning
Oxytocin,OXYTOCIN,No,No Boxed Warning
ATORVASTATIN CALCIUM,ATORVASTATIN CALCIUM,No,No Boxed Warning
Valsartan and Hydrochlorothiazide,VALSARTAN AND HYDROCHLOROTHIAZIDE,Yes,"WARNING:FETAL TOXICITY • When pregnancy is detected, discontinue valsartan and hydrochlorothiazide tablets as soon as possible. (5.1 ) • Drugs that act directly on the renin-angiotensin system can cause injury and death to the developing fetus. (5.1 ) WARNING: FETAL TOXICITY See full prescribing information for complete boxed warning. When pregnancy is detected, discontinue valsartan and hydrochlorothiazide tablets as soon as possible. (5.1) Drugs that act directly on the renin-angiotensin system can cause injury and death to the developing fetus. (5.1)"
ATORVASTATIN CALCIUM,ATORVASTATIN CALCIUM,No,No Boxed Warning
Metformin Hydrochloride,METFORMIN HYDROCHLORIDE,Yes,"WARNING: LACTIC ACIDOSIS Postmarketing cases of metformin-associated lactic acidosis have resulted in death, hypothermia, hypotension, and resistant bradyarrhythmias. The onset of metformin-associated lactic acidosis is often subtle, accompanied only by nonspecific symptoms such as malaise, myalgias, respiratory distress, somnolence, and abdominal pain. Metformin-associated lactic acidosis was characterized by elevated blood lactate levels (>5 mmol/Liter), anion gap acidosis (without evidence of ketonuria or ketonemia), an increased lactate/pyruvate ratio; and metformin plasma levels generally >5 mcg/mL [see Warnings and Precautions (5.1) ]. Risk factors for metformin-associated lactic acidosis include renal impairment, concomitant use of certain drugs (e.g. carbonic anhydrase inhibitors such as topiramate), age 65 years old or greater, having a radiological study with contrast, surgery and other procedures, hypoxic states (e.g., acute congestive heart failure), excessive alcohol intake, and hepatic impairment. Steps to reduce the risk of and manage metformin-associated lactic acidosis in these high risk groups are provided [see Dosage and Administration (2.3) , (2.7), Contraindications (4) , Warnings and Precautions (5.1) ]. If metformin-associated lactic acidosis is suspected, immediately discontinue metformin hydrochloride and institute general supportive measures in a hospital setting. Prompt hemodialysis is recommended [see Warnings and Precautions (5.1) ]. WARNING: LACTIC ACIDOSIS See full prescribing information for complete boxed warning. ● Postmarketing cases of metformin-associated lactic acidosis have resulted in death, hypothermia, hypotension, and resistant bradyarrhythmias. Symptoms included malaise, myalgias, respiratory distress, somnolence, and abdominal pain. Laboratory abnormalities included elevated blood lactate levels, anion gap acidosis, increased lactate/pyruvate ratio; and metformin plasma levels generally >5 mcg/mL. ( 5.1 ) ● Risk factors include renal impairment, concomitant use of certain drugs, age >65 years old, radiological studies with contrast, surgery and other procedures, hypoxic states, excessive alcohol intake, and hepatic impairment. Steps to reduce the risk of and manage metformin-associated lactic acidosis in these high risk groups are provided in the Full Prescribing Information. ( 5.1 ) ● If lactic acidosis is suspected, discontinue metformin hydrochloride and institute general supportive measures in a hospital setting. Prompt hemodialysis is recommended. ( 5.1 )"
JANUVIA,SITAGLIPTIN,No,No Boxed Warning
Enalapril maleate oral solution,ENALAPRIL MALEATE,Yes,"WARNING: FETAL TOXICITY WARNING: FETAL TOXICITY When pregnancy is detected, discontinue enalapril maleate oral solution as soon as possible. [See Warnings and Precautions ( 5.1 )] Drugs that act directly on the renin-angiotensin system can cause injury and death to the developing fetus. [See Warnings and Precautions ( 5.1 )] WARNING: FETAL TOXICITY See full prescribing information for complete boxed warning. When pregnancy is detected, discontinue enalapril maleate oral solution as soon as possible. ( 5.1 ) Drugs that act directly on the renin-angiotensin system can cause injury and death to the developing fetus. ( 5.1 )"
Metoprolol Tartrate,METOPROLOL TARTRATE,No,No Boxed Warning
GEMFIBROZIL,GEMFIBROZIL,No,No Boxed Warning
Felodipine,FELODIPINE,No,No Boxed Warning
Gemfibrozil,GEMFIBROZIL,No,No Boxed Warning
Irbesartan,IRBESARTAN,Yes,"WARNING: FETAL TOXICITY WARNING: FETAL TOXICITY • When pregnancy is detected, discontinue irbesartan tablets as soon as possible [see Warnings and Precautions (5.1) and Use in Specific Populations (8.1) ]. • Drugs that act directly on the renin-angiotensin system can cause injury and death to the developing fetus [see Warnings and Precautions (5.1) ] and Use in Specific Populations (8.1) ]. WARNING: FETAL TOXICITY See full prescribing information for complete boxed warning. • When pregnancy is detected, discontinue irbesartan tablets as soon as possible. ( 5.1 , 8.1 ) • Drugs that act directly on the renin-angiotensin system can cause injury and death to the developing fetus. ( 5.1 , 8.1 )"
NovoLog Mix 70/30,INSULIN ASPART,No,No Boxed Warning
Lisinopril and Hydrochlorothiazide,LISINOPRIL AND HYDROCHLOROTHIAZIDE TABLETS,Yes,"WARNING: FETAL TOXICITY See full prescribing information for complete boxed warning. When pregnancy is detected, discontinue lisinopril and hydrochlorothiazide tablets as soon as possible. Drugs that act directly on the renin-angiotensin system can cause injury and death to the developing fetus. See Warnings: Fetal Toxicity ."
Phentermine Hydrochloride,PHENTERMINE HYDROCHLORIDE,No,No Boxed Warning
Lovastatin,LOVASTATIN,No,No Boxed Warning
verapamil hydrochloride,VERAPAMIL HYDROCHLORIDE,No,No Boxed Warning
Nebivolol,NEBIVOLOL,No,No Boxed Warning
Phentermine Hydrochloride,PHENTERMINE HYDROCHLORIDE,No,No Boxed Warning
METFORMIN HYDROCHLORIDE,METFORMIN HYDROCHLORIDE,Yes,"WARNING: LACTIC ACIDOSIS Postmarketing cases of metformin-associated lactic acidosis have resulted in death, hypothermia, hypotension, and resistant bradyarrhythmias. The onset of metformin associated lactic acidosis is often subtle, accompanied only by nonspecific symptoms such as malaise, myalgias, respiratory distress, somnolence, and abdominal pain. Metformin-associated lactic acidosis was characterized by elevated blood lactate levels (>5 mmol/Liter), anion gap acidosis (without evidence of ketonuria or ketonemia), an increased lactate/pyruvate ratio; and metformin plasma levels generally >5 mcg/mL [ see Warnings and Precautions (5.1) ]. Risk factors for metformin-associated lactic acidosis include renal impairment, concomitant use of certain drugs (e.g. carbonic anhydrase inhibitors such as topiramate), age 65 years old or greater, having a radiological study with contrast, surgery and other procedures, hypoxic states (e.g., acute congestive heart failure), excessive alcohol intake, and hepatic impairment. Steps to reduce the risk of and manage metformin-associated lactic acidosis in these high risk groups are provided [ see Dosage and Administration (2.3) , (2.7), Contraindications (4) , Warnings and Precautions (5.1) ]. If metformin-associated lactic acidosis is suspected, immediately discontinue metformin hydrochloride extended-release tablets and institute general supportive measures in a hospital setting. Prompt hemodialysis is recommended [ see Warnings and Precautions (5.1) ] WARNING: LACTIC ACIDOSIS See full prescribing information for complete boxed warning. Postmarketing cases of metformin-associated lactic acidosis have resulted in death, hypothermia, hypotension, and resistant bradyarrhythmias. Symptoms included malaise, myalgias, respiratory distress, somnolence, and abdominal pain. Laboratory abnormalities included elevated blood lactate levels, anion gap acidosis, increased lactate/pyruvate ratio; and metformin plasma levels generally >5 mcg/mL. ( 5.1 ) Risk factors include renal impairment, concomitant use of certain drugs, age >65 years old, radiological studies with contrast, surgery and other procedures, hypoxic states, excessive alcohol intake, and hepatic impairment. Steps to reduce the risk of and manage metformin-associated lactic acidosis in these high risk groups are provided in the Full Prescribing Information. ( 5.1 ) If lactic acidosis is suspected, discontinue metformin hydrochloride extended-release tablets and institute general supportive measures in a hospital setting. Prompt hemodialysis is recommended.( 5.1 )"
Lisinopril and Hydrochlorothiazide,LISINOPRIL AND HYDROCHLOROTHIAZIDE,Yes,"WARNING: FETAL TOXICITY See full prescribing information for complete boxed warning. When pregnancy is detected, discontinue lisinopril and hydrochlorothiazide as soon as possible. Drugs that act directly on the renin-angiotensin system can cause injury and death to the developing fetus. See WARNINGS: Fetal Toxicity ."
Amlodipine besylate,AMLODIPINE BESYLATE,No,No Boxed Warning
NEXOBRID,ANACAULASE-BCDB,No,No Boxed Warning
Liraglutide,LIRAGLUTIDE,No,No Boxed Warning
Liraglutide,LIRAGLUTIDE,No,No Boxed Warning
Liraglutide,LIRAGLUTIDE,No,No Boxed Warning
Bexagliflozin,BEXAGLIFLOZIN,No,No Boxed Warning
INPEFA,SOTAGLIFLOZIN,No,No Boxed Warning
Inspra,EPLERENONE,No,No Boxed Warning
Benazepril Hydrochloride,BENAZEPRIL HYDROCHLORIDE,Yes,"WARNING: FETAL TOXICITY When pregnancy is detected, discontinue benazepril hydrochloride tablets as soon as possible. Drugs that act directly on the renin-angiotensin system can cause injury and death to the developing fetus [see Warnings and Precautions ( 5.1 )]. WARNING-FETAL TOXICITY See full prescribing information for complete boxed warning. When pregnancy is detected, discontinue benazepril hydrochloride tablets as soon as possible. ( 5.1 ) Drugs that act directly on the renin-angiotensin system can cause injury and death to the developing fetus. ( 5.1 )"
Metformin Hydrochloride,METFORMIN HYDROCHLORIDE,Yes,"WARNING: LACTIC ACIDOSIS Postmarketing cases of metformin-associated lactic acidosis have resulted in death, hypothermia, hypotension, and resistant bradyarrhythmias. The onset of metformin-associated lactic acidosis is often subtle, accompanied only by nonspecific symptoms such as malaise, myalgias, respiratory distress, somnolence, and abdominal pain. Metformin-associated lactic acidosis was characterized by elevated blood lactate levels (>5 mmol/Liter), anion gap acidosis (without evidence of ketonuria or ketonemia), an increased lactate/pyruvate ratio; and metformin plasma levels generally >5 mcg/mL [ see Warnings and Precautions (5.1) ]. Risk factors for metformin-associated lactic acidosis include renal impairment, concomitant use of certain drugs (e.g. carbonic anhydrase inhibitors such as topiramate), age 65 years old or greater, having a radiological study with contrast, surgery and other procedures, hypoxic states (e.g., acute congestive heart failure), excessive alcohol intake, and hepatic impairment. Steps to reduce the risk of and manage metformin-associated lactic acidosis in these high risk groups are provided [ see Dosage and Administration (2.3) , Contraindications (4) , Warnings and Precautions (5.1) ] . If metformin-associated lactic acidosis is suspected, immediately discontinue metformin hydrochloride and institute general supportive measures in a hospital setting. Prompt hemodialysis is recommended [ see Warnings and Precautions (5.1) ]. WARNING: LACTIC ACIDOSIS See full prescribing information for complete boxed warning. Postmarketing cases of metformin-associated lactic acidosis have resulted in death, hypothermia, hypotension, and resistant bradyarrhythmias. Symptoms included malaise, myalgias, respiratory distress, somnolence, and abdominal pain. Laboratory abnormalities included elevated blood lactate levels, anion gap acidosis, increased lactate/pyruvate ratio; and metformin plasma levels generally >5 mcg/mL. (5.1) Risk factors include renal impairment, concomitant use of certain drugs, age >65 years old, radiological studies with contrast, surgery and other procedures, hypoxic states, excessive alcohol intake, and hepatic impairment. Steps to reduce the risk of and manage metformin-associated lactic acidosis in these high risk groups are provided in the Full Prescribing Information. (5.1) If lactic acidosis is suspected, discontinue metformin hydrochloride and institute general supportive measures in a hospital setting. Prompt hemodialysis is recommended. (5.1)"
Valsartan,VALSARTAN,Yes,"WARNING: FETAL TOXICITY When pregnancy is detected, discontinue valsartan as soon as possible. ( 5.1 ) Drugs that act directly on the renin-angiotensin system can cause injury and death to the developing fetus. ( 5.1 ) WARNING: FETAL TOXICITY See full prescribing information for complete boxed warning. When pregnancy is detected, discontinue valsartan as soon as possible. ( 5.1 ) Drugs that act directly on the renin-angiotensin system can cause injury and death to the developing fetus. ( 5.1 )"
Phentermine Hydrochloride,PHENTERMINE HYDROCHLORIDE,No,No Boxed Warning
captopril,CAPTOPRIL,Yes,"WARNING: FETAL TOXICITY When pregnancy is detected, discontinue captopril tablets as soon as possible. Drugs that act directly on the renin-angiotensin system can cause injury and death to the developing fetus. See WARNINGS: Fetal Toxicity"
Prazosin Hydrochloride,PRAZOSIN HYDROCHLORIDE,No,No Boxed Warning
Losartan Potassium,LOSARTAN POTASSIUM,Yes,"WARNING: FETAL TOXICITY WARNING: FETAL TOXICITY See full prescribing information for complete boxed warning. When pregnancy is detected, discontinue losartan potassium as soon as possible. Drugs that act directly on the renin-angiotensin system can cause injury and death to the developing fetus. ( 5.1 ) When pregnancy is detected, discontinue losartan potassium as soon as possible. Drugs that act directly on the renin-angiotensin system can cause injury and death to the developing fetus [see Warnings and Precautions ( 5.1 )]."
Metformin hydrochloride ER,METFORMIN HYDROCHLORIDE,Yes,"WARNING: LACTIC ACIDOSIS Postmarketing cases of metformin-associated lactic acidosis have resulted in death, hypothermia, hypotension, and resistant bradyarrhythmias. The onset of metformin­ associated lactic acidosis is often subtle, accompanied only by nonspecific symptoms such as malaise, myalgias, respiratory distress, somnolence, and abdominal pain. Metformin­ associated lactic acidosis was characterized by elevated blood lactate levels (>5 mmol/Liter), anion gap acidosis (without evidence of ketonuria or ketonemia), an increased lactate/pyruvate ratio; and metformin plasma levels generally >5 mcg/mL [see Warnings and Precautions (5.1)]. Risk factors for metformin-associated lactic acidosis include renal impairment, concomitant use of certain drugs (e.g. carbonic anhydrase inhibitors such as topiramate), age 65 years old or greater, having a radiological study with contrast, surgery and other procedures, hypoxic states (e.g., acute congestive heart failure), excessive alcohol intake, and hepatic impairment. Steps to reduce the risk of and manage metformin-associated lactic acidosis in these high risk groups are provided [see Dosage and Administration (2.3) , (2.7) , Contraindications (4), Warnings and Precautions (5.1)]. If metformin-associated lactic acidosis is suspected, immediately discontinue metformin hydrochloride extended-release tablets and institute general supportive measures in a hospital setting. Prompt hemodialysis is recommended [see Warnings and Precautions (5.1) ]. WARNING: LACTIC ACIDOSIS See full prescribing information for complete boxed warning. • Postmarketing cases of metformin-associated lactic acidosis have resulted in death, hypothermia, hypotension, and resistant bradyarrhythmias. Symptoms included malaise, myalgias, respiratory distress, somnolence, and abdominal pain. Laboratory abnormalities included elevated blood lactate levels, anion gap acidosis, increased lactate/pyruvate ratio; and metformin plasma levels generally >5 mcg/mL. (5.1) • Risk factors include renal impairment, concomitant use of certain drugs, age >65 years old, radiological studies with contrast, surgery and other procedures, hypoxic states, excessive alcohol intake, and hepatic impairment. Steps to reduce the risk of and manage metformin­ associated lactic acidosis in these high risk groups are provided in the Full Prescribing Information. (5.1) • If lactic acidosis is suspected, discontinue Metformin hydrochloride extended-release tablets and institute general supportive measures in a hospital setting. Prompt hemodialysis is recommended. (5.1)"
QUINAPRIL,QUINAPRIL,No,No Boxed Warning
Metoprolol succinate,METOPROLOL SUCCINATE,No,No Boxed Warning
Irbesartan,IRBESARTAN,Yes,"WARNING: FETAL TOXICITY • When pregnancy is detected, discontinue irbesartan tablets as soon as possible [see Warnings and Precautions ( 5.1 ) and Use in Specific Populations ( 8.1 )]. • Drugs that act directly on the renin-angiotensin system can cause injury and death to the developing fetus [see Warnings and Precautions ( 5.1 ) and Use in Specific Populations ( 8.1 ) ]. WARNING: FETAL TOXICITY See full prescribing information for complete boxed warning. • When pregnancy is detected, discontinue irbesartan tablets as soon as possible. ( 5.1 , 8.1 ) • Drugs that act directly on the renin-angiotensin system can cause injury and death to the developing fetus. ( 5.1 , 8.1 )"
Nifedipine,NIFEDIPINE,No,No Boxed Warning
DESMOPRESSIN ACETATE,DESMOPRESSIN ACETATE,No,No Boxed Warning
Lovastatin,LOVASTATIN,No,No Boxed Warning
ATORVASTATIN CALCIUM,ATORVASTATIN CALCIUM,No,No Boxed Warning
Nifedipine,NIFEDIPINE,No,No Boxed Warning
Atorvastatin Calcium,ATORVASTATIN CALCIUM,No,No Boxed Warning
Losartan Potassium,LOSARTAN POTASSIUM,Yes,"WARNING: FETAL TOXICITY WARNING: FETAL TOXICITY See full prescribing information for complete boxed warning. When pregnancy is detected, discontinue losartan potassium tablets as soon as possible. Drugs that act directly on the renin-angiotensin system can cause injury and death to the developing fetus. ( 5.1 ) When pregnancy is detected, discontinue losartan potassium tablets as soon as possible. Drugs that act directly on the renin-angiotensin system can cause injury and death to the developing fetus [see Warnings and Precautions (5.1) ] ."
JANUVIA,SITAGLIPTIN,No,No Boxed Warning
Glipizide and Metformin Hydrochloride,GLIPIZIDE AND METFORMIN HYDROCHLORIDE,Yes,"WARNING: LACTIC ACIDOSIS Post-marketing cases of metformin-associated lactic acidosis have resulted in death,hypothermia, hypotension, and resistant bradyarrhythmias. The onset of metformin-associated lactic acidosis is often subtle, accompanied only by nonspecific symptoms such as malaise, myalgias, respiratory distress, somnolence, and abdominal pain. Metformin-associated lactic acidosis was characterized by elevated blood lactate levels (> 5 mmol/Liter), anion gap acidosis (without evidence of ketonuria or ketonemia), an increased lactate/pyruvate ratio; and metformin plasma levels generally > 5 mcg/mL [see PRECAUTIONS ] Risk factors for metformin-associated lactic acidosis include renal impairment, concomitant use of certain drugs (e.g., carbonic anhydrase inhibitors such as topiramate), age 65 years old or greater, having a radiological study with contrast, surgery and other procedures, hypoxic states (e.g., acute congestive heart failure), excessive alcohol intake, and hepatic impairment. Steps to reduce the risk of and manage metformin-associated lactic acidosis in these high risk groups are provided [see PRECAUTIONS ]. If metformin-associated lactic acidosis is suspected, immediately discontinue glipizide and metformin hydrochloride and institute general supportive measures in a hospital setting. Prompt hemodialysis is recommended [see PRECAUTIONS ]."
Losortan Potassium,LOSARTAN POTASSIUM,Yes,"WARNING: FETAL TOXICITY WARNING: FETAL TOXICITY See full prescribing information for complete boxed warning. When pregnancy is detected, discontinue losartan potassium as soon as possible. Drugs that act directly on the renin-angiotensin system can cause injury and death to the developing fetus. ( 5.1 ) When pregnancy is detected, discontinue losartan potassium as soon as possible. Drugs that act directly on the renin-angiotensin system can cause injury and death to the developing fetus [see Warnings and Precautions ( 5.1 )]."
SPIRONOLACTONE,SPIRONOLACTONE,No,No Boxed Warning
Glipizide,GLIPIZIDE,No,No Boxed Warning
Glipizide,GLIPIZIDE,No,No Boxed Warning
Telmisartan and Hydrochlorothiazide,TELMISARTAN AND HYDROCHLOROTHIAZIDE,Yes,"WARNING: FETAL TOXICITY When pregnancy is detected, discontinue telmisartan and hydrochlorothiazide as soon as possible [see Warnings and Precautions ( 5.1 ) and Use in Specific Populations ( 8.1 )] . Drugs that act directly on the renin-angiotensin system can cause injury and death to the developing fetus [see Warnings and Precautions ( 5.1 ) and Use in Specific Populations ( 8.1 )] . WARNING: FETAL TOXICITY See full prescribing information for complete boxed warning. When pregnancy is detected, discontinue telmisartan and hydrochlorothiazide as soon as possible. ( 5.1 , 8.1 ) Drugs that act directly on the renin-angiotensin system can cause injury and death to the developing fetus. ( 5.1 , 8.1 )"
Amlodipine and Olmesartan Medoxomil,AMLODIPINE AND OLMESARTAN MEDOXOMIL,Yes,"WARNING: FETAL TOXICITY When pregnancy is detected, discontinue amlodipine and olmesartan medoxomil tablets as soon as possible ( 5.1 , 8.1 ). Drugs that act directly on the renin-angiotensin system (RAS) can cause injury and death to the developing fetus ( 5.1 , 8.1 ). WARNING: FETAL TOXICITY See full prescribing information for complete boxed warning. When pregnancy is detected, discontinue amlodipine and olmesartan medoxomil tablets as soon as possible ( 5.1 , 8.1 ). Drugs that act directly on the renin-angiotensin system can cause injury and death to the developing fetus ( 5.1 , 8.1 )."
Losartan Potassium,LOSARTAN POTASSIUM,Yes,"WARNING: FETAL TOXICITY When pregnancy is detected, discontinue losartan potassium as soon as possible. Drugs that act directly on the renin-angiotensin system can cause injury and death to the developing fetus [see Warnings and Precautions ( 5.1 )]. WARNING: FETAL TOXICITY See full prescribing information for complete boxed warning. When pregnancy is detected, discontinue losartan potassium as soon as possible. Drugs that act directly on the renin-angiotensin system can cause injury and death to the developing fetus. ( 5.1 )"
Glimepiride,GLIMEPIRIDE,No,No Boxed Warning
Amlodipine Besylate,AMLODIPINE BESYLATE,No,No Boxed Warning
Quinapril,QUINAPRIL,Yes,"WARNING: FETAL TOXICITY • When pregnancy is detected, discontinue quinapril tablets as soon as possible. • Drugs that act directly on the renin-angiotensin system can cause injury and death to the developing fetus. See WARNINGS : Fetal Toxicity"
Valsartan and Hydrochlorothiazide,VALSARTAN AND HYDROCHLOROTHIAZIDE,Yes,"WARNING: FETAL TOXICITY • When pregnancy is detected, discontinue valsartan and hydrochlorothiazide tablets as soon as possible. ( 5.1 ) • Drugs that act directly on the renin-angiotensin system can cause injury and death to the developing fetus. ( 5.1 ) WARNING: FETAL TOXICITY See full prescribing information for complete boxed warning. • When pregnancy is detected, discontinue valsartan and hydrochlorothiazide tablets as soon as possible. ( 5.1 ) • Drugs that act directly on the renin-angiotensin system can cause injury and death to the developing fetus. ( 5.1 )"
PIOGLITAZONE,PIOGLITAZONE,Yes,"WARNING: CONGESTIVE HEART FAILURE • Thiazolidinediones, including pioglitazone tablets, cause or exacerbate congestive heart failure in some patients [see Warnings and Precautions (5.1) ] . • After initiation of pioglitazone tablets, and after dose increases, monitor patients carefully for signs and symptoms of heart failure (e.g., excessive, rapid weight gain, dyspnea, and/or edema). If heart failure develops, it should be managed according to current standards of care and discontinuation or dose reduction of pioglitazone tablets must be considered. • Pioglitazone tablets are not recommended in patients with symptomatic heart failure. • Initiation of pioglitazone tablets in patients with established New York Heart Association (NYHA) Class III or IV heart failure is contraindicated [see Contraindications (4) and Warnings and Precautions (5.1) ] . WARNING: CONGESTIVE HEART FAILURE See full prescribing information for complete boxed warning. • Thiazolidinediones, including pioglitazone tablets, cause or exacerbate congestive heart failure in some patients. (5.1) • After initiation of pioglitazone tablets, and after dose increases, monitor patients carefully for signs and symptoms of heart failure (e.g., excessive, rapid weight gain, dyspnea, and/or edema). If heart failure develops, it should be managed according to current standards of care and discontinuation or dose reduction of pioglitazone tablets must be considered. (5.1) • Pioglitazone tablets are not recommended in patients with symptomatic heart failure. (5.1) • Initiation of pioglitazone tablets in patients with established New York Heart Association (NYHA) Class III or IV heart failure is contraindicated. ( 4 , 5.1 )"
Atenolol,ATENOLOL,No,No Boxed Warning
ATORVASTATIN CALCIUM,ATORVASTATIN CALCIUM,No,No Boxed Warning
METOPROLOL SUCCINATE,METOPROLOL SUCCINATE,Yes,"WARNING: ISCHEMIC HEART DISEASE: Following abrupt cessation of therapy with certain beta-blocking agents, exacerbations of angina pectoris and, in some cases, myocardial infarction have occurred. When discontinuing chronically administered metoprolol succinate extended-release tablets, particularly in patients with ischemic heart disease, the dosage should be gradually reduced over a period of 1 - 2 weeks and the patient should be carefully monitored. If angina markedly worsens or acute coronary insufficiency develops, metoprolol succinate extended-release tablet administration should be reinstated promptly, at least temporarily, and other measures appropriate for the management of unstable angina should be taken. Warn patients against interruption or discontinuation of therapy without the physician’s advice. Because coronary artery disease is common and may be unrecognized, it may be prudent not to discontinue metoprolol succinate extended-release tablet therapy abruptly even in patients treated only for hypertension (5.1). WARNING: ISCHEMIC HEART DISEASE (See Full Prescribing Information for complete boxed warning) Following abrupt cessation of therapy with beta-blocking agents, exacerbations of angina pectoris and myocardial infarction have occurred. Warn patients against interruption or discontinuation of therapy without the physician’s advice. (5.1)"
Metformin Hydrochloride,METFORMIN HYDROCHLORIDE,Yes,"Lactic Acidosis Lactic acidosis is a rare, but serious, metabolic complication that can occur due to metformin accumulation during treatment with metformin; when it occurs, it is fatal in approximately 50% of cases. Lactic acidosis may also occur in association with a number of pathophysiologic conditions, including diabetes mellitus, and whenever there is significant tissue hypoperfusion and hypoxemia. Lactic acidosis is characterized by elevated blood lactate levels (>5 mmol/L), decreased blood pH, electrolyte disturbances with an increased anion gap, and an increased lactate/pyruvate ratio. When metformin is implicated as the cause of lactic acidosis, metformin plasma levels >5 mcg/mL are generally found. The reported incidence of lactic acidosis in patients receiving metformin hydrochloride is very low (approximately 0.03 cases/1000 patient-years, with approximately 0.015 fatal cases/1000 patient-years). In more than 20,000 patient-years exposure to metformin in clinical trials, there were no reports of lactic acidosis. Reported cases have occurred primarily in diabetic patients with significant renal insufficiency, including both intrinsic renal disease and renal hypoperfusion, often in the setting of multiple concomitant medical/surgical problems and multiple concomitant medications. Patients with congestive heart failure requiring pharmacologic management, in particular those with unstable or acute congestive heart failure who are at risk of hypoperfusion and hypoxemia, are at increased risk of lactic acidosis. The risk of lactic acidosis increases with the degree of renal dysfunction and the patient's age. The risk of lactic acidosis may, therefore, be significantly decreased by regular monitoring of renal function in patients taking metformin and by use of the minimum effective dose of metformin. In particular, treatment of the elderly should be accompanied by careful monitoring of renal function. Metformin treatment should not be initiated in patients ≥80 years of age unless measurement of creatinine clearance demonstrates that renal function is not reduced, as these patients are more susceptible to developing lactic acidosis. In addition, metformin should be promptly withheld in the presence of any condition associated with hypoxemia, dehydration, or sepsis. Because impaired hepatic function may significantly limit the ability to clear lactate, metformin should generally be avoided in patients with clinical or laboratory evidence of hepatic disease. Patients should be cautioned against excessive alcohol intake, either acute or chronic, when taking metformin hydrochloride tablets, since alcohol potentiates the effects of metformin hydrochloride on lactate metabolism. In addition, metformin should be temporarily discontinued prior to any intravascular radiocontrast study and for any surgical procedure (see also PRECAUTIONS ). The onset of lactic acidosis often is subtle, and accompanied only by nonspecific symptoms such as malaise, myalgias, respiratory distress, increasing somnolence, and nonspecific abdominal distress. There may be associated hypothermia, hypotension, and resistant bradyarrhythmias with more marked acidosis. The patient and the patient's physician must be aware of the possible importance of such symptoms and the patient should be instructed to notify the physician immediately if they occur (see also PRECAUTIONS ). Metformin hydrochloride tablets should be withdrawn until the situation is clarified. Serum electrolytes, ketones, blood glucose, and if indicated, blood pH, lactate levels, and even blood metformin levels may be useful. Once a patient is stabilized on any dose level of metformin, gastrointestinal symptoms, which are common during initiation of therapy, are unlikely to be drug related. Later occurrence of gastrointestinal symptoms could be due to lactic acidosis or other serious disease. Levels of fasting venous plasma lactate above the upper limit of normal but less than 5 mmol/L in patients taking metformin do not necessarily indicate impending lactic acidosis and may be explainable by other mechanisms, such as poorly controlled diabetes or obesity, vigorous physical activity, or technical problems in sample handling. (See also PRECAUTIONS .) Lactic acidosis should be suspected in any diabetic patient with metabolic acidosis lacking evidence of ketoacidosis (ketonuria and ketonemia). Lactic acidosis is a medical emergency that must be treated in a hospital setting. In a patient with lactic acidosis who is taking metformin, the drug should be discontinued immediately and general supportive measures promptly instituted. Because metformin hydrochloride is dialyzable (with a clearance of up to 170 mL/min under good hemodynamic conditions), prompt hemodialysis is recommended to correct the acidosis and remove the accumulated metformin. Such management often results in prompt reversal of symptoms and recovery. (See also CONTRAINDICATIONS and PRECAUTIONS .)"
Lisinopril,LISINOPRIL,Yes,"WARNING: FETAL TOXICITY See full prescribing information for complete boxed warning. When pregnancy is detected, discontinue lisinopril as soon as possible. ( 5.1 ) Drugs that act directly on the renin-angiotensin system can cause injury and death to the developing fetus. ( 5.1 ) WARNING: FETAL TOXICITY When pregnancy is detected, discontinue lisinopril as soon as possible [see WARNINGS AND PRECAUTIONS ( 5.1 )] . Drugs that act directly on the renin-angiotensin system can cause injury and death to the developing fetus [see WARNINGS AND PRECAUTIONS ( 5.1 )] ."
Olmesartan Medoxomil,OLMESARTAN MEDOXOMIL,Yes,"WARNING: FETAL TOXICITY • When pregnancy is detected, discontinue olmesartan medoxomil tablets as soon as possible (5.1, 8.1). • Drugs that act directly on the renin-angiotensin system can cause injury and death to the developing fetus (5.1, 8.1)."
Acarbose,ACARBOSE,No,No Boxed Warning
Losartan Potassium and Hydrochlorothiazide,LOSARTAN POTASSIUM AND HYDROCHLOROTHIAZIDE,Yes,"WARNING: FETAL TOXICITY When pregnancy is detected, discontinue losartan potassium and hydrochlorothiazide as soon as possible. Drugs that act directly on the renin-angiotensin system can cause injury and death to the developing fetus [see Warnings and Precautions (5.1) ]. WARNING: FETAL TOXICITY See full prescribing information for complete boxed warning. When pregnancy is detected, discontinue losartan potassium and hydrochlorothiazide as soon as possible. Drugs that act directly on the renin-angiotensin system can cause injury and death to the developing fetus. ( 5.1 )"
Ticagrelor,TICAGRELOR,Yes,"WARNING: BLEEDING RISK Ticagrelor, like other antiplatelet agents, can cause significant, sometimes fatal bleeding ( 5.1 , 6.1 ). Do not use ticagrelor in patients with active pathological bleeding or a history of intracranial hemorrhage ( 4.1 , 4.2 ). Do not start ticagrelor in patients undergoing urgent coronary artery bypass graft surgery (CABG) ( 5.1 , 6.1 ). If possible, manage bleeding without discontinuing ticagrelor. Stopping ticagrelor increases the risk of subsequent cardiovascular events ( 5.2 ). WARNING: BLEEDING RISK See full prescribing information for complete boxed warning. Ticagrelor, like other antiplatelet agents, can cause significant, sometimes fatal bleeding. ( 5.1 , 6.1 ) Do not use ticagrelor in patients with active pathological bleeding or a history of intracranial hemorrhage. ( 4.1 , 4.2 ) Do not start ticagrelor in patients undergoing urgent coronary artery bypass graft surgery (CABG). ( 5.1 , 6.1 ) If possible, manage bleeding without discontinuing ticagrelor. Stopping ticagrelor increases the risk of subsequent cardiovascular events. ( 5.2 )"
lisinopril,LISINOPRIL,Yes,"WARNING: FETAL TOXICITY When pregnancy is detected, discontinue Lisinopril as soon as possible [see Warnings and Precautions (5.1) ]. Drugs that act directly on the renin-angiotensin system can cause injury and death to the developing fetus [see Warnings and Precautions (5.1) ]. WARNING: FETAL TOXICITY See full prescribing information for complete boxed warning. When pregnancy is detected, discontinue Lisinopril as soon as possible. (5.1) Drugs that act directly on the renin-angiotensin system can cause injury and death to the developing fetus. (5.1)"
olmesartan medoxomil,OLMESARTAN MEDOXOMIL,Yes,"WARNING: FETAL TOXICITY When pregnancy is detected, discontinue olmesartan medoxomil as soon as possible (5.1 , 8.1) . Drugs that act directly on the renin-angiotensin system can cause injury and death to the developing fetus (5.1 , 8.1) . WARNING: FETAL TOXICITY See full prescribing information for complete boxed warning. When pregnancy is detected, discontinue olmesartan medoxomil as soon as possible (5.1 , 8.1) . Drugs that act directly on the renin-angiotensin system can cause injury and death to the developing fetus (5.1 , 8.1) ."
"Losartan potassium Tablets, 25 mg",LOSARTAN POTASSIUM,Yes,"WARNING: FETAL TOXICITY When pregnancy is detected, discontinue Losartan potassium as soon as possible. Drugs that act directly on the renin-angiotensin system can cause injury and death to the developing fetus [see Warnings and Precautions (5.1) ] . WARNING: FETAL TOXICITY See full prescribing information for complete boxed warning. When pregnancy is detected, discontinue Losartan potassium as soon as possible. Drugs that act directly on the renin-angiotensin system can cause injury and death to the developing fetus. ( 5.1 )"
Lisinopril,LISINOPRIL,Yes,"WARNING: FETAL TOXICITY When pregnancy is detected, discontinue lisinopril as soon as possible [see Warnings and Precautions (5.1) ]. Drugs that act directly on the renin-angiotensin system can cause injury and death to the developing fetus [see Warnings and Precautions (5.1)]. See full prescribing information for complete boxed warning. When pregnancy is detected, discontinue lisinopril as soon as possible. (5.1) Drugs that act directly on the renin-angiotensin system can cause injury and death to the developing fetus. (5.1)"
Metformin Hydrochloride,METFORMIN HYDROCHLORIDE,Yes,"BOXED WARNING WARNING: LACTIC ACIDOSIS Postmarketing cases of metformin-associated lactic acidosis have resulted in death, hypothermia, hypotension, and resistant bradyarrhythmias. The onset of metformin­ associated lactic acidosis is often subtle, accompanied only by nonspecific symptoms such as malaise, myalgias, respiratory distress, somnolence, and abdominal pain. Metformin­ associated lactic acidosis was characterized by elevated blood lactate levels (>5 mmol/Liter), anion gap acidosis (without evidence of ketonuria or ketonemia), an increased lactate/pyruvate ratio; and metformin plasma levels generally >5 mcg/mL [see Warnings and Precautions (5.1) ]. Risk factors for metformin-associated lactic acidosis include renal impairment, concomitant use of certain drugs (e.g. carbonic anhydrase inhibitors such as topiramate), age 65 years old or greater, having a radiological study with contrast, surgery and other procedures, hypoxic states (e.g., acute congestive heart failure), excessive alcohol intake, and hepatic impairment. Steps to reduce the risk of and manage metformin-associated lactic acidosis in these high risk groups are provided [see Dosage and Administration (2.3), (2.7 ) , C ontraindications (4) , Warnings and Precautions (5.1) ]. If metformin-associated lactic acidosis is suspected, immediately discontinue metformin hydrochloride tablets and institute general supportive measures in a hospital setting. Prompt hemodialysis is recommended [ see Warnings and Precautions (5.1 ) ]. WARNING: LACTIC ACIDOSIS See full prescribing information for complete boxed warning. Postmarketing cases of metformin-associated lactic acidosis have resulted in death, hypothermia, hypotension, and resistant bradyarrhythmias. Symptoms included malaise, myalgias, respiratory distress, somnolence, and abdominal pain. Laboratory abnormalities included elevated blood lactate levels, anion gap acidosis, increased lactate/pyruvate ratio; and metformin plasma levels generally >5 mcg/mL. ( 5.1 ) Risk factors include renal impairment, concomitant use of certain drugs, age >65 years old, radiological studies with contrast, surgery and other procedures, hypoxic states, excessive alcohol intake, and hepatic impairment. Steps to reduce the risk of and manage metformin­ associated lactic acidosis in these high risk groups are provided in the Full Prescribing Information. ( 5.1 ) If lactic acidosis is suspected, discontinue metformin hydrochloride tablets and institute general supportive measures in a hospital setting. Prompt hemodialysis is recommended. ( 5.1 )"
SPIRONOLACTONE,SPIRONOLACTONE,No,No Boxed Warning
